name,phone,email,address,postalZip,region,country,list,text,numberrange,currency
Jaime Cooper,(326) 945-2768,donec.tempus.lorem@icloud.edu,Ap #137-1726 Nulla Rd.,3761-6213,Haryana,China,17,Nunc commodo auctor velit. Aliquam nisl. Nulla eu neque pellentesque,1,$67.79
Jordan Phillips,1-255-853-5100,bibendum@icloud.net,309-4620 Integer Ave,726208,West Region,Indonesia,17,tempor augue ac ipsum. Phasellus vitae mauris sit amet lorem,0,$21.75
Ignatius Bruce,1-447-652-2116,nisi.nibh@icloud.org,780-4722 Morbi Av.,Y3B 6E1,Kogi,Poland,19,Mauris eu turpis. Nulla aliquet. Proin velit. Sed malesuada augue,6,$10.47
Veronica Santos,1-691-487-9544,penatibus@hotmail.net,8150 Quis Avenue,3922,Imo,Russian Federation,5,ultrices iaculis odio. Nam interdum enim non nisi. Aenean eget,7,$90.82
Gary Vance,1-253-455-3822,ligula.nullam.enim@hotmail.net,518-6515 Sociis St.,88186,Baden Württemberg,Peru,9,"pede, nonummy ut, molestie in, tempus eu, ligula. Aenean euismod",9,$39.24
Bradley Greene,1-627-567-3484,sed.dolor@aol.couk,557-6594 Sem Street,23756,Mecklenburg-Vorpommern,Netherlands,19,sit amet massa. Quisque porttitor eros nec tellus. Nunc lectus,8,$7.02
Hoyt Tran,1-856-582-9171,risus@hotmail.edu,Ap #857-2332 Nunc Street,51906,Sląskie,Pakistan,13,"Maecenas libero est, congue a, aliquet vel, vulputate eu, odio.",7,$12.30
Gisela Sexton,(459) 208-1574,tristique.senectus@icloud.couk,185-5549 Tincidunt. St.,21172,Kyiv oblast,Ireland,3,cubilia Curae Phasellus ornare. Fusce mollis. Duis sit amet diam,3,$79.28
Shelley Hubbard,1-227-646-0529,suscipit@icloud.org,5474 Suspendisse Road,2016-7628,Nord-Pas-de-Calais,Costa Rica,19,quam. Pellentesque habitant morbi tristique senectus et netus et malesuada,8,$4.51
Tatiana Hopper,1-485-744-6438,sagittis.lobortis@google.edu,Ap #641-3884 Neque Avenue,811542,Merionethshire,Costa Rica,7,lobortis tellus justo sit amet nulla. Donec non justo. Proin,2,$24.13
Emery Jacobson,(857) 808-4036,aliquam.ultrices@yahoo.com,"Ap #632-385 Sed, Avenue",6522,Sutherland,New Zealand,5,Ut semper pretium neque. Morbi quis urna. Nunc quis arcu,1,$76.72
Malcolm Joyner,1-857-298-4482,ante.dictum.cursus@yahoo.com,5093 Accumsan Ave,7337,Central Kalimantan,Singapore,13,Curabitur egestas nunc sed libero. Proin sed turpis nec mauris,7,$74.31
Katell Houston,1-738-356-5657,nam@aol.edu,Ap #178-3415 Vivamus Ave,93822-608,Hessen,Australia,17,"eget, volutpat ornare, facilisis eget, ipsum. Donec sollicitudin adipiscing ligula.",1,$65.07
Colt Hays,1-784-718-1754,blandit.mattis@yahoo.edu,749-108 Nulla. Rd.,43-584,Perthshire,Mexico,1,"Mauris vel turpis. Aliquam adipiscing lobortis risus. In mi pede,",3,$65.72
Tatyana Oneal,1-301-635-4110,pede.cras@aol.edu,246-4912 Libero Rd.,973805,Los Lagos,Costa Rica,3,dignissim magna a tortor. Nunc commodo auctor velit. Aliquam nisl.,8,$7.72
Barry Ellison,1-825-515-5937,iaculis.lacus.pede@hotmail.edu,"P.O. Box 304, 5522 Et Avenue",12516,Himachal Pradesh,China,5,convallis dolor. Quisque tincidunt pede ac urna. Ut tincidunt vehicula,2,$0.63
Sean Cantrell,1-522-732-3752,arcu.vestibulum@aol.edu,596-6138 Lacinia St.,68771,Ivanovo Oblast,United Kingdom,7,"sociis natoque penatibus et magnis dis parturient montes, nascetur ridiculus",8,$61.60
Alice Woodard,(317) 124-7425,et@protonmail.couk,"205-5468 Enim, Ave",751667,Oslo,Colombia,5,"ut, molestie in, tempus eu, ligula. Aenean euismod mauris eu",1,$59.78
Nadine Griffin,1-497-775-6495,erat@protonmail.couk,"P.O. Box 710, 7815 In Rd.",139757,Warmińsko-mazurskie,Chile,15,"Nulla tincidunt, neque vitae semper egestas, urna justo faucibus lectus,",8,$62.77
Katell Giles,(834) 805-3383,lorem@hotmail.com,943-7333 Commodo Avenue,29568,East Lothian,Costa Rica,13,"Pellentesque ut ipsum ac mi eleifend egestas. Sed pharetra, felis",1,$98.60
Teagan Russo,1-315-326-5610,proin.sed@outlook.couk,Ap #194-6882 Orci St.,1446,São Paulo,New Zealand,19,"Aliquam auctor, velit eget laoreet posuere, enim nisl elementum purus,",9,$36.82
Hyacinth Baxter,(303) 733-5051,sit.amet@hotmail.org,Ap #116-8735 Mauris Avenue,243409,Khyber Pakhtoonkhwa,Singapore,9,"nibh. Phasellus nulla. Integer vulputate, risus a ultricies adipiscing, enim",9,$86.89
Quinlan Martinez,1-252-745-9824,vitae.mauris@protonmail.edu,Ap #807-2389 Nullam Street,447023,Tyrol,Poland,17,quis diam luctus lobortis. Class aptent taciti sociosqu ad litora,4,$99.83
Leah Hayden,1-256-882-3455,sed@yahoo.edu,8963 Vivamus Av.,677436,Troms og Finnmark,Peru,5,Aliquam rutrum lorem ac risus. Morbi metus. Vivamus euismod urna.,5,$9.98
Remedios Bryant,(832) 566-3444,neque@icloud.edu,8923 Donec St.,605766,Gyeonggi,Turkey,7,risus quis diam luctus lobortis. Class aptent taciti sociosqu ad,5,$87.04
Yuri Chen,1-613-753-2378,magnis.dis.parturient@google.org,"P.O. Box 979, 5483 Et Rd.",2337,Caquetá,Turkey,9,vitae purus gravida sagittis. Duis gravida. Praesent eu nulla at,4,$97.96
Mia Bullock,(951) 668-2287,ante.vivamus@hotmail.edu,437-4868 Sagittis Road,8334,Samsun,Philippines,5,diam vel arcu. Curabitur ut odio vel est tempor bibendum.,10,$46.82
Petra Stout,1-213-652-1103,bibendum.ullamcorper.duis@google.ca,971-5897 Massa. St.,13714,Carmarthenshire,Spain,7,odio. Nam interdum enim non nisi. Aenean eget metus. In,8,$52.25
Samuel O'brien,1-473-248-1965,leo@icloud.com,"P.O. Box 733, 1493 Leo. St.",07255,Cordillera Administrative Region,Pakistan,19,"enim. Nunc ut erat. Sed nunc est, mollis non, cursus",9,$38.27
Colt Sawyer,1-541-752-8160,amet@hotmail.net,844-2328 Orci Road,1173,Castilla y León,South Korea,3,"lectus convallis est, vitae sodales nisi magna sed dui. Fusce",7,$85.75
Rowan Fields,1-149-782-2846,aenean@google.edu,135 Netus St.,686619,Guanacaste,Mexico,5,Vivamus euismod urna. Nullam lobortis quam a felis ullamcorper viverra.,5,$52.24
Brent Meyers,(723) 614-3371,nec@protonmail.ca,827-5370 Mauris St.,0684 SS,Sevastopol City,South Korea,11,"enim, sit amet ornare lectus justo eu arcu. Morbi sit",9,$82.61
Ulric Sherman,1-531-456-7251,felis@protonmail.couk,746-7506 Lectus St.,392926,Ceará,South Africa,9,"Donec porttitor tellus non magna. Nam ligula elit, pretium et,",8,$16.66
Addison Bradshaw,1-787-693-7845,ullamcorper.nisl@protonmail.net,"P.O. Box 194, 6968 Eget St.",112172,Haute-Normandie,Pakistan,5,justo. Praesent luctus. Curabitur egestas nunc sed libero. Proin sed,6,$90.00
Blake Vance,(265) 585-3667,suspendisse.sed@hotmail.couk,932-5336 Lacinia St.,45092,North Island,Peru,17,"dictum ultricies ligula. Nullam enim. Sed nulla ante, iaculis nec,",3,$93.76
Michelle Baker,1-204-805-4364,ultricies.ornare@google.net,Ap #597-418 Nulla. Rd.,5262,Khyber Pakhtoonkhwa,Ireland,3,"lorem, eget mollis lectus pede et risus. Quisque libero lacus,",5,$88.04
Elvis Steele,(457) 698-4850,adipiscing@outlook.org,487-4596 Donec Road,62983,Northern Cape,Mexico,15,vel nisl. Quisque fringilla euismod enim. Etiam gravida molestie arcu.,5,$72.40
Bradley Chan,(812) 385-1520,ac.mattis.ornare@google.com,Ap #169-6922 Duis Road,33176,Melilla,Vietnam,15,facilisi. Sed neque. Sed eget lacus. Mauris non dui nec,9,$23.58
Wallace Powers,(348) 420-7542,nunc.risus@outlook.couk,2241 Nec Rd.,174102,Biobío,Ukraine,15,"Maecenas iaculis aliquet diam. Sed diam lorem, auctor quis, tristique",4,$0.68
Brock Duffy,(778) 418-7125,mauris.erat@hotmail.ca,"P.O. Box 106, 5546 Cum Rd.",694026,North West,Russian Federation,1,egestas. Aliquam fringilla cursus purus. Nullam scelerisque neque sed sem,5,$30.95
Imogene Love,(556) 369-4985,nec.diam.duis@outlook.couk,673-476 Mattis. Rd.,666852,Navarra,Mexico,9,"ullamcorper viverra. Maecenas iaculis aliquet diam. Sed diam lorem, auctor",3,$50.64
Unity Baldwin,1-226-237-3544,sed.eget@icloud.net,532-5158 Egestas Ave,65-303,Bà Rịa–Vũng Tàu,Sweden,15,In at pede. Cras vulputate velit eu sem. Pellentesque ut,2,$21.85
Jescie Lang,(887) 272-5741,cursus.purus.nullam@hotmail.couk,Ap #670-4057 Enim Ave,73-824,Dalarnas län,Indonesia,19,"a, enim. Suspendisse aliquet, sem ut cursus luctus, ipsum leo",7,$89.48
Zephania Aguirre,(517) 211-4348,suscipit@icloud.couk,203-6552 Taciti Avenue,78282,Dolnośląskie,Australia,5,fringilla est. Mauris eu turpis. Nulla aliquet. Proin velit. Sed,2,$26.52
Reuben Leblanc,(434) 307-6272,phasellus.dolor@google.com,"P.O. Box 103, 1682 Nec Avenue",7632,Oregon,Ukraine,17,commodo auctor velit. Aliquam nisl. Nulla eu neque pellentesque massa,7,$84.92
Kimberley Kirk,(653) 535-8726,eleifend.non@hotmail.ca,"P.O. Box 278, 6454 Euismod Avenue",37243,North Sumatra,France,11,"porttitor vulputate, posuere vulputate, lacus. Cras interdum. Nunc sollicitudin commodo",9,$2.51
Rama Weeks,(914) 942-1331,at.augue.id@yahoo.ca,7230 Ipsum. St.,885525,Virginia,Philippines,17,molestie. Sed id risus quis diam luctus lobortis. Class aptent,5,$10.29
Timothy Stanley,1-866-452-8581,mattis.integer@yahoo.net,"7879 Imperdiet, Rd.",435860,Munster,Chile,11,"pharetra nibh. Aliquam ornare, libero at auctor ullamcorper, nisl arcu",7,$62.70
Karyn Walls,(861) 465-6873,auctor.quis@yahoo.couk,"P.O. Box 110, 9517 Praesent Ave",57883,Zeeland,Indonesia,11,nascetur ridiculus mus. Proin vel nisl. Quisque fringilla euismod enim.,8,$35.17
Hector Mathis,1-155-272-6892,et.magnis.dis@aol.ca,"Ap #438-5309 Ut, St.",0450,Eastern Visayas,Indonesia,3,"at, nisi. Cum sociis natoque penatibus et magnis dis parturient",5,$41.90
Ima Spence,(736) 449-7314,donec@outlook.com,966-8914 Fringilla Av.,92484,Khánh Hòa,South Africa,7,Quisque varius. Nam porttitor scelerisque neque. Nullam nisl. Maecenas malesuada,9,$25.04
Caldwell Ward,(513) 818-1903,vitae.nibh.donec@outlook.edu,506-572 Proin Street,41418,Swiętokrzyskie,New Zealand,17,velit. Pellentesque ultricies dignissim lacus. Aliquam rutrum lorem ac risus.,4,$4.88
Yolanda Wilkinson,1-823-990-5744,ipsum.donec@yahoo.edu,Ap #735-7280 Ornare Road,475158,Tyrol,Ireland,3,"elit pede, malesuada vel, venenatis vel, faucibus id, libero. Donec",3,$38.51
Lydia Holt,(551) 637-1843,magna@protonmail.org,795-3915 Nisl. Street,68289,Leinster,United Kingdom,1,"elit. Etiam laoreet, libero et tristique pellentesque, tellus sem mollis",0,$24.24
Ramona Peters,1-969-871-0862,laoreet.lectus.quis@icloud.couk,7743 Dui. St.,30415,Victoria,New Zealand,17,eu enim. Etiam imperdiet dictum magna. Ut tincidunt orci quis,10,$36.17
Kyla Hoffman,(801) 852-0115,nam.tempor@hotmail.ca,777-515 Pede. Av.,47532-543,Kharkiv oblast,India,7,orci. Phasellus dapibus quam quis diam. Pellentesque habitant morbi tristique,5,$36.32
Nasim Harding,(578) 220-3684,amet@hotmail.org,"P.O. Box 546, 482 Placerat, Av.",5724,Östergötlands län,Turkey,3,"rhoncus. Nullam velit dui, semper et, lacinia vitae, sodales at,",8,$84.41
Brianna Cummings,(926) 433-6657,dictum.sapien@aol.org,"P.O. Box 544, 3131 Parturient Road",599412,Vienna,Australia,13,"enim. Nunc ut erat. Sed nunc est, mollis non, cursus",3,$17.98
Wade Weiss,1-588-465-5192,eros.turpis@aol.ca,Ap #342-1720 Cursus. St.,342252,Marche,Canada,13,"vel, faucibus id, libero. Donec consectetuer mauris id sapien. Cras",4,$37.56
Arden Blevins,(255) 684-6838,hendrerit@hotmail.edu,421-6186 Donec Ave,30115,Wiltshire,Norway,19,"risus odio, auctor vitae, aliquet nec, imperdiet nec, leo. Morbi",7,$92.91
Iola Combs,(281) 918-6107,turpis.nec@protonmail.couk,"P.O. Box 956, 4017 Fermentum St.",237716,Pernambuco,China,15,"ac mattis semper, dui lectus rutrum urna, nec luctus felis",6,$85.91
Naida Kinney,(428) 741-6627,mollis.duis@aol.edu,Ap #294-1702 Orci. St.,7626-0356,North Island,Austria,13,"at, velit. Pellentesque ultricies dignissim lacus. Aliquam rutrum lorem ac",0,$23.66
Jasmine James,(865) 616-1361,dolor.quisque@yahoo.org,"P.O. Box 310, 5480 Ligula. Avenue",485333,Ankara,Ireland,5,"a, facilisis non, bibendum sed, est. Nunc laoreet lectus quis",1,$93.72
Keaton Potts,(472) 986-4323,nunc.commodo.auctor@hotmail.couk,Ap #801-4158 Sit St.,66823-060,Benue,Pakistan,11,"a purus. Duis elementum, dui quis accumsan convallis, ante lectus",4,$8.48
Nayda Carter,(982) 941-8162,lacus.quisque@aol.org,Ap #346-5965 Phasellus St.,A8V 5N7,Vienna,New Zealand,13,"dui lectus rutrum urna, nec luctus felis purus ac tellus.",8,$15.56
Hermione Pollard,(182) 331-4312,ligula.aenean@hotmail.couk,325-2535 Tempor St.,68064,Leinster,United States,13,"convallis erat, eget tincidunt dui augue eu tellus. Phasellus elit",10,$53.49
Cameron Cotton,1-333-516-6716,est.vitae@yahoo.com,2711 Ante Ave,870695,Novgorod Oblast,China,3,"fringilla mi lacinia mattis. Integer eu lacus. Quisque imperdiet, erat",7,$59.15
Dara Blevins,1-386-613-0403,enim.nunc@icloud.couk,Ap #647-1053 Turpis St.,6322,Ogun,South Korea,15,ac risus. Morbi metus. Vivamus euismod urna. Nullam lobortis quam,10,$96.54
Otto Dixon,1-876-856-1134,nulla@protonmail.org,226-426 Ipsum Road,68405,Nghệ An,Austria,11,"ipsum sodales purus, in molestie tortor nibh sit amet orci.",4,$72.46
Reed Howard,(295) 312-5861,arcu.et.pede@protonmail.ca,334-4410 Mi Road,975921,Dōngběi,France,19,"libero. Morbi accumsan laoreet ipsum. Curabitur consequat, lectus sit amet",6,$92.84
Drew Buckner,1-634-457-7997,sem.consequat@yahoo.org,Ap #621-6236 Luctus Av.,0564-4351,Trøndelag,Brazil,5,"fringilla, porttitor vulputate, posuere vulputate, lacus. Cras interdum. Nunc sollicitudin",3,$21.37
Solomon Alexander,1-219-335-5730,est.mauris@aol.edu,6913 Pellentesque Road,58206,Montgomeryshire,Sweden,11,"tristique ac, eleifend vitae, erat. Vivamus nisi. Mauris nulla. Integer",8,$18.36
Cassidy Gregory,1-866-880-5771,vulputate.lacus.cras@hotmail.edu,4906 Scelerisque Avenue,15575,Atacama,South Korea,1,"Donec tempus, lorem fringilla ornare placerat, orci lacus vestibulum lorem,",0,$58.41
Violet Adkins,1-818-738-3408,ultricies.adipiscing@yahoo.ca,"P.O. Box 166, 4044 Praesent Ave",828127,São Paulo,Chile,11,"eget metus eu erat semper rutrum. Fusce dolor quam, elementum",0,$17.74
Susan Olsen,(862) 782-4844,dui.nec@hotmail.edu,588-7515 Lectus Road,44088,Jeju,Brazil,7,ut nisi a odio semper cursus. Integer mollis. Integer tincidunt,7,$48.70
Ainsley Grant,1-463-861-7756,dictum.eu@hotmail.ca,4432 Nullam Ave,83223-834,Punjab,Sweden,1,"sed, est. Nunc laoreet lectus quis massa. Mauris vestibulum, neque",6,$59.63
Wylie Wallace,1-646-282-8147,auctor.velit@aol.ca,Ap #258-7009 Ultrices. St.,1562 FD,South Island,Sweden,3,"non, vestibulum nec, euismod in, dolor. Fusce feugiat. Lorem ipsum",5,$26.16
Yael Baird,1-333-442-2066,etiam.bibendum@protonmail.net,595-1175 Elementum Road,34738,Principado de Asturias,Germany,15,"pede et risus. Quisque libero lacus, varius et, euismod et,",2,$20.17
Brianna Hunt,1-787-688-7281,pede.suspendisse@google.ca,Ap #282-8688 Risus. Road,75678,Principado de Asturias,Nigeria,5,lacus. Ut nec urna et arcu imperdiet ullamcorper. Duis at,6,$81.96
Hall Donaldson,(354) 572-7031,elit.pretium.et@google.edu,Ap #669-9400 Nulla Rd.,50105,North West,Sweden,9,pretium neque. Morbi quis urna. Nunc quis arcu vel quam,4,$85.14
Yoshi Rollins,(837) 342-6981,ante.dictum@protonmail.net,Ap #471-3940 Fermentum Road,15848,South Island,United Kingdom,11,"euismod et, commodo at, libero. Morbi accumsan laoreet ipsum. Curabitur",2,$91.17
Ulysses Irwin,1-658-725-2113,montes.nascetur@yahoo.ca,278-1412 Nascetur St.,70285,Heredia,Ireland,19,"Nam nulla magna, malesuada vel, convallis in, cursus et, eros.",5,$1.98
Lee Park,1-296-231-7148,eu.nulla@outlook.org,Ap #797-7774 Mauris St.,66683,Colorado,United Kingdom,5,"Proin mi. Aliquam gravida mauris ut mi. Duis risus odio,",2,$97.99
Jemima Montoya,1-637-336-9802,et.rutrum.eu@hotmail.org,5553 Dolor St.,24311,Connacht,United Kingdom,9,"egestas. Aliquam nec enim. Nunc ut erat. Sed nunc est,",6,$77.11
Hayfa Lynn,(653) 575-7424,id.ante@google.edu,Ap #313-2129 Aliquam Street,873554,Alberta,Germany,11,inceptos hymenaeos. Mauris ut quam vel sapien imperdiet ornare. In,1,$88.11
Audra Clemons,1-781-635-1817,lorem.ut@protonmail.com,"P.O. Box 443, 9847 Justo Street",84735,Utrecht,India,1,non dui nec urna suscipit nonummy. Fusce fermentum fermentum arcu.,1,$46.32
Kerry Hampton,1-154-762-3687,proin.mi.aliquam@google.org,637-8761 Vitae Rd.,866310,Tyrol,Austria,11,"condimentum eget, volutpat ornare, facilisis eget, ipsum. Donec sollicitudin adipiscing",9,$47.18
Brynn Mckee,(871) 869-4652,etiam@protonmail.ca,"P.O. Box 601, 525 Ligula. Rd.",53967,Namen,Vietnam,7,Morbi sit amet massa. Quisque porttitor eros nec tellus. Nunc,7,$69.04
Maryam Sloan,(619) 534-2226,sed@google.couk,Ap #726-6141 Ipsum Street,24477,Leinster,France,3,"lectus. Nullam suscipit, est ac facilisis facilisis, magna tellus faucibus",9,$83.28
Brock Guerra,1-585-253-6348,rutrum.urna.nec@google.com,"5360 Leo, Rd.",581744,Marche,Poland,1,id magna et ipsum cursus vestibulum. Mauris magna. Duis dignissim,1,$19.65
Raja Dickerson,1-992-459-1021,ut.quam.vel@outlook.com,"P.O. Box 213, 250 Dapibus Street",C4 1TW,FATA,South Korea,3,"a, aliquet vel, vulputate eu, odio. Phasellus at augue id",9,$13.48
Aiko Garrison,(740) 473-5505,libero.dui.nec@aol.ca,Ap #458-5317 Nullam Rd.,6169,North Island,Peru,13,"gravida mauris ut mi. Duis risus odio, auctor vitae, aliquet",4,$34.80
Zelenia Spencer,(116) 706-8937,non.enim@outlook.ca,"691-859 Id, Road",40515,Waals-Brabant,Colombia,9,Etiam gravida molestie arcu. Sed eu nibh vulputate mauris sagittis,9,$30.91
Armand Barnett,(393) 398-5735,magna.sed@aol.com,552-2304 Semper Ave,289398,Provence-Alpes-Côte d'Azur,Brazil,3,"Aenean massa. Integer vitae nibh. Donec est mauris, rhoncus id,",8,$42.05
Fritz Roy,(624) 303-6446,sed@google.edu,"631-2907 Quis, St.",35713,łódzkie,Germany,17,"bibendum. Donec felis orci, adipiscing non, luctus sit amet, faucibus",4,$45.53
Hilda Marks,1-466-678-9726,eu@hotmail.couk,514-4285 Nunc Rd.,53282,Lorraine,Austria,1,"mauris elit, dictum eu, eleifend nec, malesuada ut, sem. Nulla",9,$7.37
Brady Herring,1-875-879-5911,velit@protonmail.org,899-4636 Fermentum St.,3098 EV,Auvergne,Costa Rica,17,"natoque penatibus et magnis dis parturient montes, nascetur ridiculus mus.",8,$97.53
Maile Hester,(620) 688-7221,scelerisque.scelerisque@aol.com,Ap #101-155 Nulla St.,520144,Nunavut,South Africa,11,molestie tortor nibh sit amet orci. Ut sagittis lobortis mauris.,7,$83.12
Nissim Diaz,(821) 784-5237,sed.sem.egestas@protonmail.couk,Ap #367-1725 Fusce Av.,35135,Arunachal Pradesh,Italy,7,quam vel sapien imperdiet ornare. In faucibus. Morbi vehicula. Pellentesque,8,$89.18
Matthew Pollard,1-793-106-0477,semper.rutrum@aol.org,268-8891 Ligula. Ave,3256,Sokoto,Sweden,5,"ullamcorper viverra. Maecenas iaculis aliquet diam. Sed diam lorem, auctor",9,$5.41
Justina Roman,(642) 322-5888,neque.nullam@hotmail.edu,Ap #899-551 Donec Street,603085,Northern Territory,China,11,quam quis diam. Pellentesque habitant morbi tristique senectus et netus,8,$71.86
Odessa Wise,1-411-312-0820,ligula.aenean.gravida@outlook.com,"P.O. Box 492, 7373 Pharetra, Av.",31875,Goiás,Nigeria,15,"nisl arcu iaculis enim, sit amet ornare lectus justo eu",6,$23.96
Georgia Jensen,1-824-605-8314,pede@protonmail.org,"P.O. Box 288, 2335 Risus, Ave",221314,Nagaland,Pakistan,9,et nunc. Quisque ornare tortor at risus. Nunc ac sem,8,$17.14
Colorado Boyd,1-865-876-9887,lobortis@google.ca,Ap #926-5599 Pede Ave,02574,Distrito Capital,South Africa,9,"laoreet posuere, enim nisl elementum purus, accumsan interdum libero dui",8,$24.77
Uriel Buckley,(251) 286-6450,elit@protonmail.edu,1961 Proin St.,526797,Samsun,Russian Federation,7,"metus urna convallis erat, eget tincidunt dui augue eu tellus.",8,$43.84
Quentin Brooks,(612) 730-8465,etiam.gravida.molestie@aol.net,Ap #398-4259 Urna. Av.,05934,O'Higgins,Sweden,11,"Aliquam auctor, velit eget laoreet posuere, enim nisl elementum purus,",4,$43.94
Leilani Callahan,1-272-234-5628,non.hendrerit@hotmail.net,607-870 Quisque Road,84311,Atlántico,Chile,5,nec urna et arcu imperdiet ullamcorper. Duis at lacus. Quisque,3,$43.45
Lysandra Pena,1-151-577-2237,arcu.vivamus@icloud.ca,Ap #123-5355 Quisque St.,8960-7853,Uttarakhand,Singapore,15,"mollis nec, cursus a, enim. Suspendisse aliquet, sem ut cursus",10,$92.24
Christen Shelton,(669) 805-6202,libero.at@google.ca,740-4863 Dolor Rd.,41256-76129,Maranhão,Pakistan,1,"non, vestibulum nec, euismod in, dolor. Fusce feugiat. Lorem ipsum",3,$22.44
Rajah Hull,(269) 316-7823,euismod.et@icloud.org,1435 Nulla Avenue,62258,Mizoram,Russian Federation,13,"nonummy ac, feugiat non, lobortis quis, pede. Suspendisse dui. Fusce",6,$65.67
Deacon Wheeler,(388) 492-1469,adipiscing@google.edu,"Ap #791-7513 Id, St.",JI7 9PO,Carinthia,Russian Federation,3,"lorem eu metus. In lorem. Donec elementum, lorem ut aliquam",4,$64.90
Naomi Good,1-435-739-8313,fringilla.donec@yahoo.org,2698 Fringilla Street,8842,South Island,Brazil,3,Nulla eu neque pellentesque massa lobortis ultrices. Vivamus rhoncus. Donec,10,$88.21
Lani Maldonado,(331) 856-5138,taciti@yahoo.ca,"P.O. Box 961, 8813 Consectetuer Rd.",741998,Sachsen-Anhalt,New Zealand,15,"est, vitae sodales nisi magna sed dui. Fusce aliquam, enim",2,$56.49
Hedda Farley,(577) 347-3478,sociis@protonmail.com,417-1162 Mattis Road,8719,Saint Petersburg City,Norway,11,Ut semper pretium neque. Morbi quis urna. Nunc quis arcu,9,$27.03
Raya Nash,(231) 417-5133,nunc.laoreet@icloud.ca,Ap #400-6476 Gravida Avenue,404109,Alajuela,Pakistan,3,"Nulla eget metus eu erat semper rutrum. Fusce dolor quam,",8,$90.49
Sandra Cole,(253) 950-5262,sem.elit@protonmail.ca,613-1632 Non Av.,7868,Huádōng,Turkey,13,tincidunt. Donec vitae erat vel pede blandit congue. In scelerisque,4,$16.74
Sebastian Reid,(957) 252-2188,malesuada.vel.convallis@yahoo.ca,8270 Neque Avenue,5160 RG,Boyacá,Netherlands,17,"ipsum ac mi eleifend egestas. Sed pharetra, felis eget varius",9,$28.19
Camille Atkinson,(337) 836-2038,ac.arcu@yahoo.com,"P.O. Box 993, 9541 Neque Ave",8937,Agder,Indonesia,11,"porta elit, a feugiat tellus lorem eu metus. In lorem.",6,$84.23
Cameron Horton,(321) 978-2046,adipiscing@aol.org,"Ap #389-9788 Eu, Road",7103,Oregon,Germany,15,"Sed malesuada augue ut lacus. Nulla tincidunt, neque vitae semper",2,$69.76
Murphy Spears,1-536-385-5860,a.auctor@aol.net,Ap #908-191 Varius Rd.,381868,Cartago,Singapore,3,"Duis elementum, dui quis accumsan convallis, ante lectus convallis est,",0,$77.02
Nicholas Shannon,1-276-967-4952,sociosqu.ad.litora@hotmail.ca,261-7349 Donec Avenue,50156,Manisa,United Kingdom,3,"Maecenas mi felis, adipiscing fringilla, porttitor vulputate, posuere vulputate, lacus.",1,$8.69
Wyoming Franks,(153) 598-0427,vehicula.et@icloud.couk,Ap #754-8642 Neque Rd.,142432,Viken,Germany,13,"nec enim. Nunc ut erat. Sed nunc est, mollis non,",6,$38.37
Lynn Huff,(381) 692-2747,iaculis@yahoo.ca,Ap #447-9356 At Rd.,61377,Delta,Vietnam,3,"tincidunt adipiscing. Mauris molestie pharetra nibh. Aliquam ornare, libero at",1,$64.64
Althea Frank,(576) 154-3611,ultrices@icloud.org,"816-8392 Id, Ave",03659,Yên Bái,United States,17,aliquet magna a neque. Nullam ut nisi a odio semper,0,$35.26
Danielle Olsen,1-620-815-2177,eu.augue.porttitor@icloud.edu,"P.O. Box 667, 4676 Ultrices Street",42179,Cartago,South Korea,15,"Mauris molestie pharetra nibh. Aliquam ornare, libero at auctor ullamcorper,",4,$75.16
Mercedes Acevedo,1-115-765-6242,cursus.nunc@hotmail.net,5245 Sed St.,5688,Oost-Vlaanderen,Ukraine,5,eu neque pellentesque massa lobortis ultrices. Vivamus rhoncus. Donec est.,2,$45.31
Blythe Sanders,(670) 881-5461,nascetur.ridiculus.mus@hotmail.org,163-8163 Ante Rd.,12753,Gaziantep,Netherlands,11,tellus eu augue porttitor interdum. Sed auctor odio a purus.,3,$84.58
Jolene Conley,(551) 871-6988,et@yahoo.couk,645-6173 Ipsum Rd.,75429,Chocó,New Zealand,17,magna. Sed eu eros. Nam consequat dolor vitae dolor. Donec,3,$81.73
Craig House,1-441-959-9082,sapien.gravida@yahoo.couk,Ap #341-8096 Facilisis. Road,403472,Gauteng,Mexico,3,"sed dui. Fusce aliquam, enim nec tempus scelerisque, lorem ipsum",4,$72.32
Kessie Bean,1-681-626-6888,aenean.euismod@hotmail.net,Ap #255-9146 Egestas. Ave,58587,Vienna,Sweden,3,vitae purus gravida sagittis. Duis gravida. Praesent eu nulla at,2,$7.31
Xanthus Herrera,(277) 861-9792,nunc.quisque@aol.net,"P.O. Box 127, 9823 Aliquam Street",252226,Los Ríos,Brazil,1,"risus. In mi pede, nonummy ut, molestie in, tempus eu,",0,$54.12
Joel Diaz,(742) 228-4238,bibendum@protonmail.com,"Ap #906-2276 Dui, Av.",3752,North-East Region,Vietnam,7,ac ipsum. Phasellus vitae mauris sit amet lorem semper auctor.,9,$37.33
Echo Ellis,(428) 740-8689,nam.nulla.magna@aol.ca,3727 Vivamus Rd.,8840,Borno,South Africa,19,arcu. Sed eu nibh vulputate mauris sagittis placerat. Cras dictum,9,$58.36
Keegan Craft,1-488-363-4366,ornare.libero.at@protonmail.net,"P.O. Box 583, 3592 Duis Street",3240,Sokoto,Norway,1,adipiscing elit. Curabitur sed tortor. Integer aliquam adipiscing lacus. Ut,0,$6.37
Dieter Franco,1-940-227-6468,consequat@icloud.couk,"812-9843 Non, Rd.",3754,Lower Austria,Spain,13,condimentum. Donec at arcu. Vestibulum ante ipsum primis in faucibus,2,$12.22
Brendan Campbell,1-598-732-4447,diam.sed@hotmail.couk,408-214 Urna Road,90037,Alsace,South Korea,3,"tincidunt orci quis lectus. Nullam suscipit, est ac facilisis facilisis,",7,$16.51
Buffy Bates,(848) 637-9551,blandit.congue.in@icloud.com,Ap #637-9966 Varius Street,5732,Lorraine,Peru,17,"Nam nulla magna, malesuada vel, convallis in, cursus et, eros.",9,$5.25
Brenden Horton,1-778-626-2591,dictum.placerat@yahoo.ca,"8472 In, St.",86920,Nunavut,Norway,9,"nec, mollis vitae, posuere at, velit. Cras lorem lorem, luctus",4,$30.72
Alfonso Lopez,1-816-216-9297,dapibus@icloud.ca,Ap #192-1452 Ipsum Street,887142,Arica y Parinacota,Spain,9,ridiculus mus. Aenean eget magna. Suspendisse tristique neque venenatis lacus.,1,$8.48
Maya Torres,1-333-736-1417,dapibus@aol.ca,8202 Condimentum. St.,12341,Zhytomyr oblast,Austria,9,"Aliquam adipiscing lobortis risus. In mi pede, nonummy ut, molestie",1,$26.25
Lyle Harper,1-325-153-2294,dolor.nonummy@hotmail.net,"684-3203 At, St.",37530,Nova Scotia,Chile,1,"nulla vulputate dui, nec tempus mauris erat eget ipsum. Suspendisse",4,$96.74
Donna Mclaughlin,1-972-487-8977,metus.aenean.sed@aol.org,588-100 Tortor. St.,227443,South Island,United Kingdom,1,Duis gravida. Praesent eu nulla at sem molestie sodales. Mauris,6,$49.89
Yoko Walls,1-212-405-4494,dapibus.quam@protonmail.net,Ap #388-1840 Ligula. Ave,88-86,Piura,Indonesia,13,"imperdiet dictum magna. Ut tincidunt orci quis lectus. Nullam suscipit,",7,$17.61
Lucas Lindsey,1-551-715-9894,nascetur.ridiculus@hotmail.net,"P.O. Box 711, 6968 In Rd.",42832-48232,Chelyabinsk Oblast,Poland,9,"velit. Cras lorem lorem, luctus ut, pellentesque eget, dictum placerat,",7,$79.12
Martha Hunter,1-564-383-7674,lorem@icloud.ca,Ap #626-4841 Adipiscing St.,74513,Nordland,Spain,5,vitae mauris sit amet lorem semper auctor. Mauris vel turpis.,4,$96.21
Gemma Rosario,(785) 332-3675,sed@hotmail.ca,3913 Risus. Ave,11472,Cartago,Colombia,19,vitae odio sagittis semper. Nam tempor diam dictum sapien. Aenean,7,$2.12
Carly Mcclure,1-946-847-6342,nullam@protonmail.com,"547-6185 Id, St.",0224 FK,Vermont,Philippines,9,Vestibulum ut eros non enim commodo hendrerit. Donec porttitor tellus,0,$34.22
Rafael Castaneda,(588) 675-5467,non.hendrerit.id@hotmail.edu,562-4956 Quis Ave,23083,Ilocos Region,Belgium,11,nec mauris blandit mattis. Cras eget nisi dictum augue malesuada,7,$53.75
Kareem Olson,1-679-317-3424,ac.mi@icloud.org,2727 Praesent Av.,815679,Gävleborgs län,Singapore,3,"consectetuer rhoncus. Nullam velit dui, semper et, lacinia vitae, sodales",9,$75.07
Raven Cardenas,1-312-720-5558,massa.mauris@yahoo.com,896-2898 Tortor St.,VG15 3FN,Davao Region,South Africa,9,"ac, fermentum vel, mauris. Integer sem elit, pharetra ut, pharetra",5,$80.00
Rowan Hickman,(785) 914-7242,pede@hotmail.net,Ap #777-2441 Ipsum. Road,285133,Dnipropetrovsk oblast,Indonesia,1,et malesuada fames ac turpis egestas. Aliquam fringilla cursus purus.,7,$86.74
Jamal Clemons,(853) 821-6894,est.mauris.eu@google.ca,Ap #455-2595 Arcu Av.,1877 MF,Chocó,Belgium,13,"risus varius orci, in consequat enim diam vel arcu. Curabitur",1,$10.82
Xavier Sanford,1-317-522-2818,sagittis.felis@hotmail.org,9032 Curabitur Road,799212,Kaduna,Sweden,17,Proin sed turpis nec mauris blandit mattis. Cras eget nisi,4,$42.77
Deacon Young,1-879-657-4131,mollis.non@aol.com,"315-4231 In, Rd.",61543-304,Prince Edward Island,France,13,tincidunt. Donec vitae erat vel pede blandit congue. In scelerisque,5,$87.75
Desiree Potter,1-588-388-7844,scelerisque@aol.org,585-6377 Risus. Street,2716 LQ,Loreto,Costa Rica,7,Praesent luctus. Curabitur egestas nunc sed libero. Proin sed turpis,1,$56.07
Daryl Booker,(504) 739-3294,ante.dictum@yahoo.com,551-8366 Tempus Avenue,21113,Noord Holland,France,1,mus. Donec dignissim magna a tortor. Nunc commodo auctor velit.,10,$67.09
Flynn Valenzuela,1-488-365-2778,natoque.penatibus.et@hotmail.net,8669 Accumsan Rd.,2632,North Jeolla,Chile,7,in felis. Nulla tempor augue ac ipsum. Phasellus vitae mauris,0,$74.17
Ethan Ford,(597) 367-5520,ullamcorper@protonmail.ca,Ap #354-1835 Sit Rd.,668631,Central Luzon,Germany,3,"lectus, a sollicitudin orci sem eget massa. Suspendisse eleifend. Cras",9,$31.18
David Golden,1-653-611-4991,id.ante@aol.net,Ap #788-2163 Vivamus Street,54469,New Brunswick,New Zealand,15,"Proin nisl sem, consequat nec, mollis vitae, posuere at, velit.",6,$55.50
Aquila Kramer,(510) 938-3763,elementum.purus.accumsan@protonmail.couk,"P.O. Box 104, 4690 Quam Ave",42426,Leinster,Nigeria,13,Donec non justo. Proin non massa non ante bibendum ullamcorper.,3,$11.09
Tarik Simmons,1-961-977-7326,iaculis.lacus@outlook.edu,Ap #420-1031 Ante Street,42799,Calabarzon,Poland,15,Phasellus in felis. Nulla tempor augue ac ipsum. Phasellus vitae,1,$44.00
Galvin Mosley,(828) 362-8796,nec.urna.et@protonmail.ca,288-6484 Arcu. Street,8471,Arequipa,Mexico,17,Cras eget nisi dictum augue malesuada malesuada. Integer id magna,0,$16.58
Quemby Herman,1-536-677-8238,dis.parturient@outlook.ca,"P.O. Box 699, 1117 Sagittis St.",50812,Loreto,Peru,19,"non, vestibulum nec, euismod in, dolor. Fusce feugiat. Lorem ipsum",6,$5.84
Zelda Berg,1-443-611-5878,cras.pellentesque.sed@google.com,848-7360 Maecenas Rd.,987335,Maranhão,Australia,7,purus. Nullam scelerisque neque sed sem egestas blandit. Nam nulla,3,$95.70
Caesar Scott,(474) 716-6673,cras.convallis.convallis@icloud.net,1280 Phasellus Road,33164,Mpumalanga,South Africa,1,eu enim. Etiam imperdiet dictum magna. Ut tincidunt orci quis,7,$39.45
Lila Simmons,(634) 154-3887,purus.maecenas.libero@aol.ca,149-7457 Ornare. Street,298517,Suffolk,Peru,5,"sit amet, dapibus id, blandit at, nisi. Cum sociis natoque",9,$54.80
Aquila Barber,(588) 435-3784,sodales@aol.edu,5429 Facilisis St.,65490,Ceuta,Indonesia,7,erat vitae risus. Duis a mi fringilla mi lacinia mattis.,8,$99.02
Piper Drake,(862) 406-8216,lacus@aol.org,"474-8491 A, Rd.",4437,Đồng Nai,Colombia,9,nec orci. Donec nibh. Quisque nonummy ipsum non arcu. Vivamus,5,$27.97
Isaac Guthrie,(237) 467-7153,vitae.posuere.at@outlook.edu,Ap #915-9045 Ornare Rd.,11283,Sơn La,Philippines,13,Cras vulputate velit eu sem. Pellentesque ut ipsum ac mi,2,$12.50
Helen Mcleod,1-151-803-9838,urna@outlook.net,"P.O. Box 944, 7618 Curae St.",8232-6281,Bretagne,Sweden,7,ridiculus mus. Aenean eget magna. Suspendisse tristique neque venenatis lacus.,7,$28.69
Suki Dickson,1-106-582-1426,tortor.at@google.org,"P.O. Box 409, 441 Iaculis Ave",01937-73989,Henegouwen,France,11,"non leo. Vivamus nibh dolor, nonummy ac, feugiat non, lobortis",6,$74.69
Quentin Walton,(868) 161-3212,varius.nam@protonmail.org,Ap #825-7330 Nullam Rd.,155845,İzmir,Pakistan,11,neque venenatis lacus. Etiam bibendum fermentum metus. Aenean sed pede,1,$39.19
Bethany Wright,1-516-710-2217,sem.magna@aol.com,"P.O. Box 762, 9353 Tempus Av.",64-63,Heredia,United States,19,"sed dolor. Fusce mi lorem, vehicula et, rutrum eu, ultrices",8,$54.71
Michelle Ramirez,(238) 886-4589,egestas.aliquam.fringilla@aol.net,346-1404 Nec Street,471759,South Australia,Peru,9,cubilia Curae Donec tincidunt. Donec vitae erat vel pede blandit,6,$3.33
Brent Farmer,1-723-575-6367,lorem.ipsum.dolor@aol.couk,5124 Nisi Av.,68057,Sonora,Brazil,9,Nullam feugiat placerat velit. Quisque varius. Nam porttitor scelerisque neque.,1,$21.59
Magee Humphrey,(856) 438-7813,at@protonmail.net,"P.O. Box 613, 2155 Dui St.",4748-2079,Podlaskie,Brazil,7,"aliquam iaculis, lacus pede sagittis augue, eu tempor erat neque",6,$92.90
Kimberley Alvarado,(490) 283-8374,interdum@yahoo.org,"P.O. Box 818, 8764 Eros. Street",328281,Atacama,Canada,9,"nec, mollis vitae, posuere at, velit. Cras lorem lorem, luctus",8,$19.24
Darrel Cain,1-660-829-2578,arcu.vel.quam@yahoo.ca,"P.O. Box 993, 5433 Nibh Street",85456-48857,Ross-shire,Peru,15,leo. Cras vehicula aliquet libero. Integer in magna. Phasellus dolor,4,$19.03
Perry Prince,(729) 851-3562,ipsum.leo@icloud.edu,"P.O. Box 354, 2562 Enim Street",8757 KQ,Alajuela,Brazil,1,mollis. Integer tincidunt aliquam arcu. Aliquam ultrices iaculis odio. Nam,9,$93.84
Imelda Potts,1-477-682-4765,sem.mollis@outlook.org,"P.O. Box 477, 5041 Eros. Rd.",7250,Aydın,Norway,19,"purus, in molestie tortor nibh sit amet orci. Ut sagittis",3,$79.98
Yasir Mccarthy,(682) 251-2387,mollis.lectus@aol.net,Ap #146-8426 Pellentesque Rd.,61100,Borno,Italy,11,"tincidunt dui augue eu tellus. Phasellus elit pede, malesuada vel,",3,$85.35
Denton Savage,(450) 655-3559,montes@aol.org,Ap #584-1595 Velit. Av.,7129,Imo,Ireland,13,est arcu ac orci. Ut semper pretium neque. Morbi quis,8,$24.24
Aristotle Henderson,(747) 682-5803,sagittis.lobortis@aol.org,"P.O. Box 341, 9624 Vestibulum, Avenue",33143,Maule,Italy,19,non dui nec urna suscipit nonummy. Fusce fermentum fermentum arcu.,2,$22.23
Yolanda Strong,(702) 886-0216,sed.nulla@aol.couk,"P.O. Box 426, 6181 Donec St.",19863,West Region,Australia,5,"quis accumsan convallis, ante lectus convallis est, vitae sodales nisi",8,$67.89
Barrett Sharp,(156) 882-6135,lorem.tristique.aliquet@hotmail.edu,755-3490 In St.,1894,Leinster,New Zealand,1,"lobortis augue scelerisque mollis. Phasellus libero mauris, aliquam eu, accumsan",10,$8.72
Cally Rivas,1-817-335-8372,luctus.felis@protonmail.edu,"P.O. Box 433, 2263 Phasellus Avenue",KI53 4KQ,Sachsen-Anhalt,Austria,3,"non magna. Nam ligula elit, pretium et, rutrum non, hendrerit",9,$19.20
Mia Owen,(720) 527-0875,at@yahoo.com,Ap #204-4972 Vel Street,13984,Jigawa,South Korea,13,"elementum, dui quis accumsan convallis, ante lectus convallis est, vitae",1,$64.76
Kermit James,(653) 650-2453,tristique@hotmail.ca,"P.O. Box 194, 756 Nibh. Ave",6435,Bursa,United States,7,"dolor, nonummy ac, feugiat non, lobortis quis, pede. Suspendisse dui.",10,$96.23
Carter Kemp,(678) 873-4339,vel.lectus@aol.ca,Ap #386-4995 Est. Avenue,7296,Free State,New Zealand,1,libero. Proin sed turpis nec mauris blandit mattis. Cras eget,1,$13.46
Sydney Reyes,1-408-855-5781,eget.metus@outlook.ca,Ap #314-4409 Ornare Rd.,5288 HC,Nunavut,Canada,19,"libero. Morbi accumsan laoreet ipsum. Curabitur consequat, lectus sit amet",4,$7.83
Clark Allen,1-772-544-7064,sed@yahoo.couk,"P.O. Box 161, 1733 Sed St.",134382,South Chungcheong,Colombia,1,in consequat enim diam vel arcu. Curabitur ut odio vel,6,$33.59
Amery Lindsay,1-409-715-4686,aliquet@icloud.ca,323 Dui Ave,175846,Zhōngnán,China,3,erat volutpat. Nulla facilisis. Suspendisse commodo tincidunt nibh. Phasellus nulla.,9,$61.26
Jermaine Holland,(115) 112-8624,quis.tristique@protonmail.couk,"750-2985 A, Rd.",71212,Östergötlands län,Italy,15,"montes, nascetur ridiculus mus. Proin vel arcu eu odio tristique",0,$71.35
Jack Jefferson,(704) 927-3428,sociis.natoque@icloud.edu,"P.O. Box 222, 3386 Erat Av.",22125,Podlaskie,Belgium,19,"aliquet vel, vulputate eu, odio. Phasellus at augue id ante",1,$49.42
Summer Ortega,(558) 778-4128,turpis.vitae.purus@outlook.ca,"P.O. Box 718, 8332 Suspendisse Rd.",240293,Guanacaste,Canada,5,"odio. Etiam ligula tortor, dictum eu, placerat eget, venenatis a,",1,$40.51
Cyrus Hunter,(567) 336-8023,dolor.sit@protonmail.com,482-4855 Tristique Av.,77562,Cartago,Chile,5,"tristique ac, eleifend vitae, erat. Vivamus nisi. Mauris nulla. Integer",7,$7.25
Jerome Pruitt,1-317-465-3255,luctus.ipsum@icloud.org,2541 Dictum Road,818521,Friesland,Colombia,11,tincidunt tempus risus. Donec egestas. Duis ac arcu. Nunc mauris.,3,$8.94
Jacob Stevens,1-488-247-2836,nullam@outlook.ca,Ap #858-6079 Suspendisse Av.,16063,Newfoundland and Labrador,South Africa,9,"conubia nostra, per inceptos hymenaeos. Mauris ut quam vel sapien",8,$15.76
Ava Garrison,1-388-428-7382,vel@protonmail.couk,"P.O. Box 373, 4407 At Road",L0W 6N6,Luik,Mexico,9,vestibulum massa rutrum magna. Cras convallis convallis dolor. Quisque tincidunt,5,$36.99
Rina Juarez,1-335-302-4719,eu.arcu.morbi@icloud.couk,"4556 Est, Avenue",03323-78925,Northern Cape,Austria,7,"Aliquam ornare, libero at auctor ullamcorper, nisl arcu iaculis enim,",4,$30.55
Yetta Arnold,(938) 986-1873,eget.venenatis.a@aol.org,"5687 Elementum, St.",184855,Limpopo,Nigeria,19,ipsum primis in faucibus orci luctus et ultrices posuere cubilia,2,$78.46
Ainsley Knowles,1-255-960-8715,eget.laoreet@outlook.net,649-4211 Est St.,06586,Marche,Indonesia,3,"enim nec tempus scelerisque, lorem ipsum sodales purus, in molestie",5,$64.36
Emmanuel Weber,(931) 854-8423,vulputate.posuere@protonmail.edu,2272 Eleifend Road,32143,Querétaro,Philippines,13,"massa. Integer vitae nibh. Donec est mauris, rhoncus id, mollis",9,$80.56
Stuart Brown,(234) 970-0684,tristique.pharetra@aol.net,144-8524 Nec Avenue,63-71,Umbria,Netherlands,5,nascetur ridiculus mus. Donec dignissim magna a tortor. Nunc commodo,3,$2.15
Hop Riggs,1-116-623-3125,orci.in.consequat@aol.edu,4669 Amet Rd.,305143,Sachsen,Indonesia,9,"sociis natoque penatibus et magnis dis parturient montes, nascetur ridiculus",10,$38.85
Reece Garcia,1-448-176-8443,ipsum.dolor.sit@google.ca,588-9677 Eget St.,427166,Kaduna,France,1,odio sagittis semper. Nam tempor diam dictum sapien. Aenean massa.,5,$47.38
Lacey Langley,(300) 345-6212,quis@protonmail.edu,651-7344 Dolor. Avenue,10793-39269,Central Visayas,Vietnam,17,"Sed pharetra, felis eget varius ultrices, mauris ipsum porta elit,",3,$3.99
Christian Nielsen,1-812-601-0616,vulputate.mauris@icloud.org,"275-4277 Ornare, Avenue",653116,Nariño,Austria,17,in felis. Nulla tempor augue ac ipsum. Phasellus vitae mauris,4,$29.48
Kirk Massey,(531) 611-2264,proin@hotmail.edu,774-109 At Rd.,77844-71333,Vĩnh Long,Chile,3,lacus. Aliquam rutrum lorem ac risus. Morbi metus. Vivamus euismod,8,$2.05
Brendan Orr,(546) 413-7661,sed.eu.nibh@hotmail.ca,975-1718 Non St.,07415-25613,Amazonas,Sweden,17,"in, dolor. Fusce feugiat. Lorem ipsum dolor sit amet, consectetuer",1,$38.46
Chastity Monroe,1-475-706-3353,nec.imperdiet.nec@icloud.net,4462 Natoque Road,883257,FATA,Philippines,1,amet metus. Aliquam erat volutpat. Nulla facilisis. Suspendisse commodo tincidunt,9,$29.92
Lars Lopez,1-854-554-8818,nascetur.ridiculus@yahoo.com,809-3644 Et St.,0813,Dalarnas län,Indonesia,3,"auctor ullamcorper, nisl arcu iaculis enim, sit amet ornare lectus",9,$8.63
Kibo Nixon,1-428-576-8262,purus.gravida@yahoo.edu,Ap #207-6997 A Ave,2732,Meta,Canada,9,"dui. Cum sociis natoque penatibus et magnis dis parturient montes,",4,$98.09
Armando Lewis,1-818-636-7752,metus.in@hotmail.ca,Ap #282-9244 Dictum Av.,2182,North Jeolla,Brazil,3,faucibus. Morbi vehicula. Pellentesque tincidunt tempus risus. Donec egestas. Duis,4,$29.75
Callie Summers,1-768-388-4301,et.magnis@outlook.com,Ap #768-5874 Vivamus Rd.,S4X 4Z4,Chihuahua,Poland,17,"tellus lorem eu metus. In lorem. Donec elementum, lorem ut",2,$3.30
Nolan Thomas,1-228-852-4467,faucibus@icloud.edu,520-2669 Vivamus St.,2370,Amazonas,South Africa,15,et ultrices posuere cubilia Curae Phasellus ornare. Fusce mollis. Duis,9,$64.82
Sonya Gibson,1-203-151-1081,urna.nunc.quis@google.org,445-4392 Orci. Avenue,313321,Gävleborgs län,Philippines,15,"tellus. Phasellus elit pede, malesuada vel, venenatis vel, faucibus id,",6,$86.45
Evan Dalton,1-328-189-9439,sed.eu.nibh@yahoo.edu,"P.O. Box 557, 5527 Lectus Road",8754,Galicia,Germany,17,"gravida. Aliquam tincidunt, nunc ac mattis ornare, lectus ante dictum",3,$17.82
Quail White,(267) 621-8273,duis.mi@aol.edu,120-3164 Dictum Ave,30643,Tasmania,Spain,1,et nunc. Quisque ornare tortor at risus. Nunc ac sem,3,$20.92
Nolan Collins,1-376-127-3576,fusce@icloud.edu,Ap #827-9332 Amet Avenue,624555,Östergötlands län,Ireland,15,eget lacus. Mauris non dui nec urna suscipit nonummy. Fusce,6,$86.54
Dexter Carver,(714) 496-2136,consectetuer@icloud.couk,Ap #436-8000 Neque. Road,3110,Lubelskie,Russian Federation,1,vel sapien imperdiet ornare. In faucibus. Morbi vehicula. Pellentesque tincidunt,3,$65.98
Deborah Barron,(255) 264-3986,urna.justo.faucibus@protonmail.ca,Ap #891-7410 Lorem. Av.,162676,Warmińsko-mazurskie,South Korea,5,"Phasellus elit pede, malesuada vel, venenatis vel, faucibus id, libero.",6,$98.31
Curran Merrill,(271) 838-4331,libero@aol.org,Ap #758-9438 Sollicitudin Rd.,3680,Yaroslavl Oblast,Vietnam,7,"lectus quis massa. Mauris vestibulum, neque sed dictum eleifend, nunc",6,$62.03
Odessa Greene,(452) 281-5404,ac.arcu@protonmail.net,860-5162 Ipsum Rd.,76385-27341,Trentino-Alto Adige,Nigeria,11,lobortis. Class aptent taciti sociosqu ad litora torquent per conubia,2,$18.30
Octavius Sims,(482) 247-4463,auctor.velit@icloud.ca,Ap #866-5950 Luctus St.,4814,Long An,Mexico,9,"nec ante. Maecenas mi felis, adipiscing fringilla, porttitor vulputate, posuere",0,$53.57
Brenda Mccoy,(550) 242-8516,tempor@protonmail.org,508-7062 Metus. St.,2983,Osun,Russian Federation,9,"magnis dis parturient montes, nascetur ridiculus mus. Donec dignissim magna",1,$95.09
Rafael Melton,(926) 731-9523,luctus.sit@icloud.ca,"P.O. Box 227, 2717 Dolor St.",6237-4181,Northern Cape,Ukraine,19,"dis parturient montes, nascetur ridiculus mus. Donec dignissim magna a",3,$66.53
Ingrid Roach,1-675-887-4245,curabitur.vel@yahoo.org,8012 Nisl Ave,2182,Northern Cape,Italy,17,"odio, auctor vitae, aliquet nec, imperdiet nec, leo. Morbi neque",2,$75.94
Nyssa Diaz,1-480-528-4151,ut@hotmail.org,1006 Dictum Road,54459,Cauca,South Africa,3,"imperdiet nec, leo. Morbi neque tellus, imperdiet non, vestibulum nec,",3,$91.57
Armand Gentry,1-549-913-5118,auctor.velit@google.org,"P.O. Box 272, 3427 Ac Rd.",71766,Noord Holland,Peru,11,mus. Donec dignissim magna a tortor. Nunc commodo auctor velit.,2,$97.58
Brooke Hickman,1-745-319-5266,libero.proin@icloud.com,Ap #531-8726 Facilisis Av.,5777,Upper Austria,Italy,7,"blandit enim consequat purus. Maecenas libero est, congue a, aliquet",1,$69.50
Stewart Short,1-966-534-9240,integer.sem.elit@hotmail.couk,1003 Dolor. St.,110976,Friesland,Russian Federation,11,"sem. Pellentesque ut ipsum ac mi eleifend egestas. Sed pharetra,",2,$92.16
Rhonda Key,(371) 373-5706,sed@hotmail.com,"P.O. Box 906, 6565 Praesent Ave",953218,Rivne oblast,Chile,9,"rhoncus id, mollis nec, cursus a, enim. Suspendisse aliquet, sem",3,$25.62
Caleb Serrano,1-826-324-2701,vulputate.dui@outlook.org,"516-2717 Dolor, Street",78-86,Quảng Ngãi,Australia,3,sagittis lobortis mauris. Suspendisse aliquet molestie tellus. Aenean egestas hendrerit,7,$44.30
Elizabeth Mcclure,1-563-451-7755,mauris@hotmail.edu,Ap #924-4248 Nullam St.,414526,Punjab,New Zealand,9,Curabitur dictum. Phasellus in felis. Nulla tempor augue ac ipsum.,7,$57.42
Bertha Maxwell,1-838-623-8155,magna@aol.org,412-9963 Lorem Street,3732,Maranhão,Vietnam,11,sed libero. Proin sed turpis nec mauris blandit mattis. Cras,6,$80.66
Alfonso Blevins,1-703-534-6233,dis.parturient@outlook.couk,"P.O. Box 262, 3692 Erat Street",56438,Tamaulipas,China,19,quis diam luctus lobortis. Class aptent taciti sociosqu ad litora,6,$85.20
Sylvia Wong,1-311-656-5863,quis.pede@protonmail.ca,8992 Purus Road,5052 GD,Bayern,France,19,est arcu ac orci. Ut semper pretium neque. Morbi quis,4,$21.84
Magee Gallegos,(689) 387-6293,scelerisque.dui@icloud.org,Ap #699-1635 Maecenas Av.,604468,Jeju,Australia,3,"nec, cursus a, enim. Suspendisse aliquet, sem ut cursus luctus,",3,$5.25
Lydia Mills,(943) 498-1462,fermentum.vel@icloud.net,Ap #239-9628 Ante. Av.,805334,Anglesey,China,1,"a feugiat tellus lorem eu metus. In lorem. Donec elementum,",5,$89.12
Desiree Evans,1-215-483-3478,nam.interdum@yahoo.org,"P.O. Box 377, 7520 Posuere Ave",37447,Limousin,Colombia,19,arcu eu odio tristique pharetra. Quisque ac libero nec ligula,1,$43.53
Rachel Clarke,1-775-343-5346,mauris.eu@aol.edu,Ap #158-9135 Nec Avenue,5928,Franche-Comté,Ukraine,17,Duis sit amet diam eu dolor egestas rhoncus. Proin nisl,4,$92.86
Cain Padilla,1-985-655-2986,nunc.ac@icloud.couk,"Ap #804-8350 Id, Rd.",55238-327,Westmorland,New Zealand,7,"lacus vestibulum lorem, sit amet ultricies sem magna nec quam.",8,$96.20
Oscar Glenn,1-647-779-5531,nonummy.ultricies@aol.edu,Ap #991-1598 Auctor Rd.,E7H 4R6,Tasmania,Vietnam,3,"eu, eleifend nec, malesuada ut, sem. Nulla interdum. Curabitur dictum.",7,$63.65
Athena Barlow,(526) 460-8147,in.tempus@protonmail.org,Ap #410-6737 Pellentesque Avenue,52743,Western Cape,Austria,9,"lorem, sit amet ultricies sem magna nec quam. Curabitur vel",5,$9.05
Ila Vang,1-787-846-3488,velit.aliquam@protonmail.net,Ap #445-8893 Ultricies Av.,21617,Gilgit Baltistan,Sweden,19,"viverra. Donec tempus, lorem fringilla ornare placerat, orci lacus vestibulum",1,$65.35
Ethan Hinton,(538) 133-7185,vehicula@icloud.org,Ap #490-1086 Sodales. Avenue,23683,Upper Austria,Sweden,17,"non, feugiat nec, diam. Duis mi enim, condimentum eget, volutpat",1,$52.91
Colton Dunlap,1-816-857-8312,justo.praesent@aol.net,Ap #674-5274 Mus. Road,722547,Małopolskie,Nigeria,11,"lectus pede, ultrices a, auctor non, feugiat nec, diam. Duis",4,$65.38
Callie Beard,1-888-900-5226,aliquam.enim@aol.couk,723-5722 Odio Rd.,48381,Gauteng,Brazil,1,"porttitor eros nec tellus. Nunc lectus pede, ultrices a, auctor",7,$99.52
Rebekah Harris,(660) 816-4062,dignissim@outlook.couk,Ap #117-8618 Nunc Ave,3015,Alaska,Pakistan,15,Morbi metus. Vivamus euismod urna. Nullam lobortis quam a felis,4,$1.98
Colby Foster,1-651-216-6087,euismod.enim@google.couk,5224 Elit St.,81683-68876,Bourgogne,Ireland,1,neque. Nullam nisl. Maecenas malesuada fringilla est. Mauris eu turpis.,6,$1.40
Kylie George,(824) 483-3177,rutrum.non.hendrerit@google.org,"P.O. Box 720, 8417 Amet St.",850013,North Chungcheong,Sweden,17,"dolor sit amet, consectetuer adipiscing elit. Aliquam auctor, velit eget",2,$97.47
Evangeline Black,(676) 987-5288,tempus.risus.donec@hotmail.couk,713-142 Donec St.,746754,Thanh Hóa,India,1,amet ornare lectus justo eu arcu. Morbi sit amet massa.,6,$64.68
Griffith Dillard,1-550-521-8450,sed.turpis@aol.couk,896-7795 Interdum. Ave,39897,South Island,Chile,1,"Fusce diam nunc, ullamcorper eu, euismod ac, fermentum vel, mauris.",10,$28.02
Nadine Barton,(863) 255-3033,odio.phasellus@google.ca,"459-7993 Mi, St.",280249,Lower Austria,Poland,11,a odio semper cursus. Integer mollis. Integer tincidunt aliquam arcu.,4,$72.50
Quentin Rivers,(911) 347-2892,non.cursus@aol.couk,3383 Id Street,6825,National Capital Region,Indonesia,7,habitant morbi tristique senectus et netus et malesuada fames ac,1,$15.50
Kato Todd,1-319-861-9723,magnis@yahoo.net,893-4584 Orci. Rd.,07037,Flintshire,Turkey,15,"mauris ut mi. Duis risus odio, auctor vitae, aliquet nec,",3,$91.03
Ivor Parks,1-553-969-2766,sit.amet@outlook.edu,Ap #324-6969 Felis Road,58664,Minas Gerais,Ireland,7,"eu, accumsan sed, facilisis vitae, orci. Phasellus dapibus quam quis",2,$2.46
Calvin Long,1-471-867-5614,nulla.eget@protonmail.ca,"2719 Vitae, Ave",435473,Mpumalanga,Norway,17,"amet, risus. Donec nibh enim, gravida sit amet, dapibus id,",2,$5.55
Larissa Leach,1-905-506-4012,vulputate.nisi@yahoo.ca,Ap #861-8479 Est Av.,7252,North Island,Belgium,5,quam vel sapien imperdiet ornare. In faucibus. Morbi vehicula. Pellentesque,10,$85.84
Sade Contreras,1-779-271-6691,tincidunt.congue@icloud.edu,7180 Accumsan Street,5817,Gelderland,Netherlands,11,tempor diam dictum sapien. Aenean massa. Integer vitae nibh. Donec,5,$11.00
Cain Malone,(719) 396-1532,elit@outlook.couk,"Ap #703-6770 Lobortis, Street",51615,Dōngběi,China,1,"Sed nunc est, mollis non, cursus non, egestas a, dui.",2,$40.79
Laith Mooney,1-868-287-6473,lorem.ipsum@hotmail.com,944-8346 Libero Av.,71460,Arkhangelsk Oblast,Austria,17,"aliquet odio. Etiam ligula tortor, dictum eu, placerat eget, venenatis",1,$78.28
Lila Berry,(405) 492-6797,egestas.hendrerit@yahoo.couk,"Ap #740-9049 Non, Road",722243,Ontario,United Kingdom,17,Nam tempor diam dictum sapien. Aenean massa. Integer vitae nibh.,9,$0.29
Cora Dennis,(564) 838-7837,tempus@aol.edu,Ap #502-9639 Aliquet Street,6798,Mexico City,Norway,11,mauris a nunc. In at pede. Cras vulputate velit eu,7,$34.63
Iliana Sheppard,1-581-284-1387,sed.tortor@protonmail.couk,743-812 In Rd.,Q7C 3Z2,South Gyeongsang,Netherlands,5,"facilisis facilisis, magna tellus faucibus leo, in lobortis tellus justo",0,$63.21
Orla Rowe,1-838-436-0824,quisque.ornare@google.edu,745-6100 Faucibus Road,215775,Viken,Poland,13,diam vel arcu. Curabitur ut odio vel est tempor bibendum.,3,$5.83
Darryl Cabrera,(597) 731-5858,dictum.cursus.nunc@aol.net,"808-8718 Enim, Rd.",303517,Zaporizhzhia oblast,Australia,17,"erat semper rutrum. Fusce dolor quam, elementum at, egestas a,",2,$76.27
Wallace Owens,1-793-633-3332,tincidunt.aliquam@icloud.com,"Ap #181-2054 Odio, Av.",27388-87211,Murcia,Belgium,19,diam luctus lobortis. Class aptent taciti sociosqu ad litora torquent,1,$47.32
Coby Pope,(470) 844-4462,molestie.tortor.nibh@hotmail.org,508-3271 Augue St.,633502,Kahramanmaraş,Canada,7,"laoreet, libero et tristique pellentesque, tellus sem mollis dui, in",2,$52.13
Brett Cash,1-452-456-1713,duis.gravida.praesent@outlook.net,Ap #709-8715 Libero. Street,933432,Delhi,Mexico,13,condimentum. Donec at arcu. Vestibulum ante ipsum primis in faucibus,7,$6.85
Mara Gallegos,1-378-285-7168,malesuada@google.couk,Ap #801-1230 Sollicitudin Rd.,T8K 7M6,Oyo,Philippines,5,"amet, risus. Donec nibh enim, gravida sit amet, dapibus id,",10,$12.09
Ruth Marquez,1-731-871-2046,ut.mi@outlook.edu,"P.O. Box 138, 8272 Aenean Road",97081,Pskov Oblast,United States,19,Vestibulum ante ipsum primis in faucibus orci luctus et ultrices,9,$73.36
Roary King,(985) 257-2416,nulla.at@protonmail.net,1139 Sed Rd.,2947,Lampung,Spain,19,orci. Donec nibh. Quisque nonummy ipsum non arcu. Vivamus sit,3,$81.60
Lysandra Ruiz,(715) 956-8572,sed.sapien@google.org,Ap #405-8692 Ligula. Ave,6424,Central Visayas,New Zealand,1,eu neque pellentesque massa lobortis ultrices. Vivamus rhoncus. Donec est.,8,$77.15
Felix Howell,(752) 567-3369,ac.ipsum.phasellus@hotmail.net,"P.O. Box 644, 4628 Pharetra. Av.",2294-3203,Hidalgo,Vietnam,19,"orci, in consequat enim diam vel arcu. Curabitur ut odio",5,$13.42
Paki Benjamin,1-376-844-9489,suspendisse.aliquet@google.com,"P.O. Box 491, 7130 Cursus St.",RN3 4UP,Saarland,South Korea,7,"tellus. Nunc lectus pede, ultrices a, auctor non, feugiat nec,",6,$91.36
Chantale Medina,(275) 938-5374,egestas.blandit@hotmail.edu,Ap #627-1622 Diam. Ave,44926,Antalya,Philippines,19,"Suspendisse ac metus vitae velit egestas lacinia. Sed congue, elit",10,$57.20
Kiona Bonner,1-324-642-7985,phasellus.elit@yahoo.org,808-6813 Adipiscing. Ave,2103,Drenthe,Nigeria,9,Sed eget lacus. Mauris non dui nec urna suscipit nonummy.,1,$94.95
Cadman Sherman,1-297-142-0332,eros.nam@hotmail.couk,4884 Suspendisse Ave,40507,Vestland,Netherlands,5,"Nulla eget metus eu erat semper rutrum. Fusce dolor quam,",5,$45.76
Slade Rodgers,(371) 752-7751,libero.et@aol.couk,Ap #584-1547 Sed Ave,1523-3505,Carinthia,Costa Rica,15,Nam consequat dolor vitae dolor. Donec fringilla. Donec feugiat metus,7,$34.96
Xandra Hodge,1-511-379-5729,libero.mauris@hotmail.net,669-6442 Quisque St.,77-355,Caraga,Russian Federation,15,"aliquet lobortis, nisi nibh lacinia orci, consectetuer euismod est arcu",6,$87.34
Jameson Rose,(638) 342-5548,tempus.non@protonmail.couk,"P.O. Box 371, 3359 Tristique Av.",3261,Cagayan Valley,Philippines,15,"aliquet libero. Integer in magna. Phasellus dolor elit, pellentesque a,",9,$4.18
Tatiana Ray,(225) 689-1313,molestie@outlook.edu,"P.O. Box 143, 8976 A Rd.",72446,Puntarenas,Chile,3,In at pede. Cras vulputate velit eu sem. Pellentesque ut,9,$13.37
Nelle Francis,1-641-834-7486,ultrices.vivamus.rhoncus@google.net,975-6909 Urna. Av.,67447-142,Gävleborgs län,United States,7,"vitae, orci. Phasellus dapibus quam quis diam. Pellentesque habitant morbi",9,$7.39
Kelly Nixon,(835) 955-3591,integer.mollis@google.edu,5042 Bibendum Ave,74556,Connacht,Spain,1,"Integer vulputate, risus a ultricies adipiscing, enim mi tempor lorem,",3,$66.76
Neve Pierce,(359) 511-6332,ornare.in@protonmail.org,386-2577 Dui. Rd.,72693,South Chungcheong,Poland,11,Aliquam vulputate ullamcorper magna. Sed eu eros. Nam consequat dolor,4,$5.92
Kelly Ratliff,1-894-276-7522,quam.dignissim@outlook.edu,912-376 Nec St.,7618,Southeast Sulawesi,Germany,17,"Donec nibh enim, gravida sit amet, dapibus id, blandit at,",3,$85.97
Lars Hester,1-632-869-9967,velit.pellentesque.ultricies@outlook.edu,"Ap #337-814 A, St.",55683,Biobío,Peru,5,"arcu iaculis enim, sit amet ornare lectus justo eu arcu.",6,$81.58
Elvis Campos,(536) 565-8382,orci@icloud.com,626-9726 Sodales. Rd.,44333,Poitou-Charentes,Chile,9,"elit. Etiam laoreet, libero et tristique pellentesque, tellus sem mollis",0,$92.81
Nita Tucker,1-841-290-6310,feugiat.nec@google.com,"9802 Odio, St.",06721,Nova Scotia,Vietnam,15,nibh sit amet orci. Ut sagittis lobortis mauris. Suspendisse aliquet,2,$70.51
Phyllis Powell,(314) 786-9052,non.quam@aol.ca,5378 Duis Road,685056,Trøndelag,Norway,11,sit amet nulla. Donec non justo. Proin non massa non,1,$74.06
John Kirk,1-280-639-6587,cursus@protonmail.couk,Ap #133-4828 Sed Ave,04864,Irkutsk Oblast,United States,17,"varius orci, in consequat enim diam vel arcu. Curabitur ut",4,$23.99
Colorado Koch,1-811-141-8253,id.magna@protonmail.com,843-1773 Metus. Rd.,30105,Leinster,Germany,1,"dolor quam, elementum at, egestas a, scelerisque sed, sapien. Nunc",5,$83.23
Connor Macias,1-256-307-3617,nec@aol.edu,"P.O. Box 128, 1098 Vitae, Ave",339847,Goiás,Belgium,9,"vitae, sodales at, velit. Pellentesque ultricies dignissim lacus. Aliquam rutrum",3,$41.14
Daphne Hansen,1-113-238-2163,pede.nec@hotmail.org,Ap #141-4568 Lorem Ave,33128,Sachsen-Anhalt,South Africa,15,"rutrum urna, nec luctus felis purus ac tellus. Suspendisse sed",4,$65.39
Madison Scott,1-950-537-0107,augue.id@google.net,2574 Nonummy. Avenue,6345,Tamaulipas,Ireland,17,"scelerisque mollis. Phasellus libero mauris, aliquam eu, accumsan sed, facilisis",7,$29.43
Serena Meyers,1-140-541-7493,neque.sed.dictum@yahoo.edu,929-4269 Cras Ave,UI3E 4PH,North Kalimantan,South Africa,11,"consectetuer adipiscing elit. Etiam laoreet, libero et tristique pellentesque, tellus",3,$56.48
Aidan Rush,(831) 960-3947,magnis.dis@protonmail.edu,Ap #692-683 A St.,5764,Andhra Pradesh,Vietnam,11,"lacus. Quisque imperdiet, erat nonummy ultricies ornare, elit elit fermentum",4,$69.55
Cecilia Paul,1-229-316-8366,senectus.et.netus@protonmail.com,543-8230 Egestas. St.,370753,Drenthe,Norway,5,"Sed nulla ante, iaculis nec, eleifend non, dapibus rutrum, justo.",5,$78.35
Erin Finley,1-516-276-5464,id@icloud.ca,115-6068 Ante Av.,4193,Newfoundland and Labrador,Norway,11,Cras interdum. Nunc sollicitudin commodo ipsum. Suspendisse non leo. Vivamus,0,$74.31
Otto Beasley,(407) 683-2111,lectus.rutrum@google.net,179-8680 Neque St.,68676-723,Volyn oblast,Pakistan,13,erat volutpat. Nulla dignissim. Maecenas ornare egestas ligula. Nullam feugiat,9,$75.39
Wylie Mooney,1-160-815-2271,nunc.mauris.elit@icloud.ca,Ap #605-7056 Velit St.,3129 MI,Hà Giang,Brazil,17,"neque tellus, imperdiet non, vestibulum nec, euismod in, dolor. Fusce",1,$17.73
Arsenio Witt,(238) 899-5376,nulla.vulputate@yahoo.couk,Ap #321-304 Tempus Av.,90428,Cagayan Valley,Colombia,5,"elit sed consequat auctor, nunc nulla vulputate dui, nec tempus",3,$23.48
Emi Leon,(188) 557-4662,sit.amet@protonmail.couk,809-5799 At Ave,10512,Davao Region,Colombia,3,odio. Phasellus at augue id ante dictum cursus. Nunc mauris,10,$33.56
Talon Soto,(585) 853-3583,in@google.couk,Ap #989-5235 Justo Rd.,A5 4WK,North-East Region,Sweden,7,Etiam bibendum fermentum metus. Aenean sed pede nec ante blandit,4,$51.04
Madeline Roberson,1-857-425-2121,iaculis@outlook.ca,Ap #411-9036 Nunc Av.,62832,Caquetá,India,13,"quam, elementum at, egestas a, scelerisque sed, sapien. Nunc pulvinar",0,$81.18
Levi Waters,(167) 981-0111,aliquam@icloud.org,Ap #376-5193 Lorem Road,Y1 1FE,South Chungcheong,South Korea,17,mollis. Duis sit amet diam eu dolor egestas rhoncus. Proin,4,$53.25
Shaine Hanson,(937) 215-3367,dolor.quisque.tincidunt@google.com,856-1256 Dolor Rd.,T1E 1L4,Ulster,Chile,3,"Nunc ullamcorper, velit in aliquet lobortis, nisi nibh lacinia orci,",1,$46.93
Isabella Hicks,1-614-981-3784,convallis.convallis.dolor@outlook.com,"P.O. Box 492, 7923 Ultrices Rd.",28333,Eastern Visayas,Australia,9,turpis. Nulla aliquet. Proin velit. Sed malesuada augue ut lacus.,5,$26.17
Aspen Cardenas,1-416-292-1760,a.nunc@icloud.org,800-857 Rutrum Ave,744504,Northumberland,Poland,11,"nulla vulputate dui, nec tempus mauris erat eget ipsum. Suspendisse",8,$57.89
Phyllis Hogan,(471) 824-4562,diam@icloud.couk,"P.O. Box 121, 741 Blandit Avenue",2615,Zeeland,Ukraine,1,"ornare, lectus ante dictum mi, ac mattis velit justo nec",4,$20.97
Ignacia Gardner,1-327-347-7817,auctor@icloud.com,Ap #993-9491 Varius Rd.,1372,San Luis Potosí,Colombia,5,facilisis lorem tristique aliquet. Phasellus fermentum convallis ligula. Donec luctus,8,$19.62
Isabelle Wooten,1-650-452-8316,vestibulum.neque.sed@hotmail.ca,559-1386 Neque. Avenue,9531,Michoacán,Ireland,3,Pellentesque habitant morbi tristique senectus et netus et malesuada fames,7,$67.58
Diana Pate,1-611-394-6528,gravida.molestie.arcu@aol.couk,157-7309 At Ave,56735,Viken,Ukraine,7,vitae erat vel pede blandit congue. In scelerisque scelerisque dui.,6,$41.65
Kylie Merrill,1-325-563-8397,sem.molestie.sodales@google.org,131-6165 In Road,61883-811,Western Visayas,Poland,9,"faucibus id, libero. Donec consectetuer mauris id sapien. Cras dolor",4,$26.96
Dora Riley,(429) 964-6341,lorem.vehicula@hotmail.net,2768 Mollis St.,89747-356,Rogaland,Brazil,5,augue malesuada malesuada. Integer id magna et ipsum cursus vestibulum.,9,$72.15
Kyle Ramirez,(915) 992-6204,pede.nonummy@hotmail.couk,4361 Pede Street,50212,Alajuela,Brazil,13,erat eget ipsum. Suspendisse sagittis. Nullam vitae diam. Proin dolor.,4,$47.76
Martina Giles,1-854-486-8231,fusce@outlook.ca,1501 Proin Street,8873,Central Region,Australia,19,"cursus, diam at pretium aliquet, metus urna convallis erat, eget",9,$9.92
Whoopi Mcclure,1-282-981-6838,diam.vel@yahoo.couk,3259 Gravida Av.,274162,Jeju,China,13,"sit amet, faucibus ut, nulla. Cras eu tellus eu augue",3,$59.54
Raymond O'Neill,1-446-800-1448,a.odio@protonmail.edu,797-747 Nibh. Rd.,89866-131,Cauca,Mexico,13,"venenatis a, magna. Lorem ipsum dolor sit amet, consectetuer adipiscing",1,$0.89
Travis Murray,1-467-456-4665,aliquet.lobortis.nisi@google.net,"Ap #607-624 A, Avenue",22514,New South Wales,United States,15,"tincidunt, nunc ac mattis ornare, lectus ante dictum mi, ac",9,$77.33
Thane Savage,(414) 323-2243,sem.semper.erat@icloud.edu,8530 Tortor. Ave,3774 OD,Khmelnytskyi oblast,Austria,7,nulla. In tincidunt congue turpis. In condimentum. Donec at arcu.,7,$35.05
Dominic Ashley,1-543-310-2255,mauris@protonmail.couk,"P.O. Box 447, 9626 Donec Road",337266,Aquitaine,South Africa,5,varius. Nam porttitor scelerisque neque. Nullam nisl. Maecenas malesuada fringilla,2,$93.95
Rana Lindsey,(405) 928-2906,elementum.purus@google.couk,820-885 Mauris Rd.,50115,Cheshire,Peru,11,"tempus, lorem fringilla ornare placerat, orci lacus vestibulum lorem, sit",4,$97.53
Chelsea Garza,(473) 306-6862,diam.sed@aol.couk,Ap #133-3873 Ut Av.,34683,Comunitat Valenciana,Canada,11,"est. Nunc ullamcorper, velit in aliquet lobortis, nisi nibh lacinia",10,$43.31
Blythe Brennan,(783) 137-3316,mi.tempor@hotmail.edu,523-5079 Aliquet Avenue,19494,Trentino-Alto Adige,New Zealand,1,"sagittis augue, eu tempor erat neque non quam. Pellentesque habitant",9,$0.27
Hyatt West,(153) 748-7819,ante.blandit@icloud.net,"6402 Sapien, Rd.",34262,Guainía,Norway,11,"est, mollis non, cursus non, egestas a, dui. Cras pellentesque.",2,$45.06
Kessie Mays,1-727-935-3258,eget@aol.couk,586-5262 Aliquam Rd.,57K 7T5,Kherson oblast,India,19,et libero. Proin mi. Aliquam gravida mauris ut mi. Duis,8,$17.79
Bell Bray,1-785-461-9830,porttitor@yahoo.edu,222 Felis. Road,1780,Magallanes y Antártica Chilena,Colombia,9,"a, facilisis non, bibendum sed, est. Nunc laoreet lectus quis",0,$13.18
Dale Perkins,(968) 995-5932,lobortis.nisi.nibh@icloud.org,"P.O. Box 702, 1424 Eu Rd.",01375,Cusco,Chile,3,Nunc pulvinar arcu et pede. Nunc sed orci lobortis augue,8,$75.03
Aristotle Duran,1-572-667-1683,blandit.nam@protonmail.edu,"1538 Pellentesque, Road",22-87,Leningrad Oblast,Indonesia,9,imperdiet ornare. In faucibus. Morbi vehicula. Pellentesque tincidunt tempus risus.,1,$52.95
Blossom Farley,1-559-402-8515,penatibus.et@protonmail.ca,540-8306 Ligula. Ave,37741-69375,Murcia,South Korea,1,"egestas rhoncus. Proin nisl sem, consequat nec, mollis vitae, posuere",4,$17.29
Tanner Morrison,1-885-819-3338,urna.ut@aol.couk,607-2855 Mauris Road,41473,Utrecht,Turkey,11,"convallis erat, eget tincidunt dui augue eu tellus. Phasellus elit",3,$39.78
Lunea Joyce,(575) 223-3684,cursus@yahoo.com,Ap #153-5738 Nisi St.,479762,Tyrol,Brazil,15,semper auctor. Mauris vel turpis. Aliquam adipiscing lobortis risus. In,9,$31.01
Gay Moreno,1-425-911-8653,cubilia.curae@icloud.ca,Ap #386-6170 Urna. Rd.,4632,South Jeolla,Ireland,15,augue malesuada malesuada. Integer id magna et ipsum cursus vestibulum.,2,$83.72
Angela Mason,(839) 582-5841,rhoncus@yahoo.com,673-2001 Egestas Avenue,4183,Dalarnas län,New Zealand,7,"parturient montes, nascetur ridiculus mus. Proin vel arcu eu odio",6,$2.78
Cruz Sanchez,1-636-147-8196,nulla.donec@yahoo.edu,887-2372 Nunc. Av.,73377,Penza Oblast,Turkey,17,turpis vitae purus gravida sagittis. Duis gravida. Praesent eu nulla,1,$81.36
Bianca Stuart,1-527-466-3967,phasellus.ornare.fusce@yahoo.org,Ap #902-3175 Diam Street,64024,Amur Oblast,Poland,3,"lacus. Quisque imperdiet, erat nonummy ultricies ornare, elit elit fermentum",2,$74.60
India Bradley,1-277-561-5307,ligula@icloud.net,Ap #507-7217 Nulla Rd.,828562,Auvergne,Austria,9,"vitae, sodales at, velit. Pellentesque ultricies dignissim lacus. Aliquam rutrum",1,$1.01
Wynne Clay,1-233-473-9598,nulla.facilisi.sed@protonmail.org,Ap #179-9406 Cursus Avenue,6402,Central Region,Russian Federation,17,hymenaeos. Mauris ut quam vel sapien imperdiet ornare. In faucibus.,1,$16.35
Colt Franco,1-407-793-2744,luctus.aliquet.odio@protonmail.org,"P.O. Box 808, 5702 Nunc Avenue",66255,Illes Balears,South Africa,1,"sem ut cursus luctus, ipsum leo elementum sem, vitae aliquam",6,$14.84
Chaney Hendricks,1-521-455-1959,proin@yahoo.org,Ap #919-3197 Porttitor St.,202272,Nam Định,Italy,1,Integer tincidunt aliquam arcu. Aliquam ultrices iaculis odio. Nam interdum,1,$96.29
Xyla Cabrera,1-978-555-5178,nec.tempus@outlook.org,"P.O. Box 833, 385 A, St.",6267,Lima,Peru,17,"libero est, congue a, aliquet vel, vulputate eu, odio. Phasellus",4,$19.54
Nayda Petersen,(446) 414-2684,ut.nec@icloud.com,Ap #808-6428 Vitae Avenue,70716,Arkhangelsk Oblast,Belgium,7,magna. Cras convallis convallis dolor. Quisque tincidunt pede ac urna.,5,$39.19
Renee Day,1-516-675-4455,lobortis.quis@aol.net,Ap #140-4349 Velit Ave,22326,Antwerpen,Colombia,5,"libero est, congue a, aliquet vel, vulputate eu, odio. Phasellus",0,$56.57
Ifeoma Vazquez,1-632-714-2552,urna.et@outlook.net,"P.O. Box 885, 8796 Fringilla Rd.",0526,Arkansas,Turkey,11,tellus. Aenean egestas hendrerit neque. In ornare sagittis felis. Donec,2,$56.20
Camden Baker,(235) 369-3564,sapien.imperdiet.ornare@aol.edu,569-652 Eu Road,331752,Hatay,Chile,7,quam quis diam. Pellentesque habitant morbi tristique senectus et netus,0,$89.83
Isabella Nolan,1-704-435-3633,sem@outlook.com,Ap #991-3736 Donec St.,5458,Euskadi,Germany,19,interdum enim non nisi. Aenean eget metus. In nec orci.,3,$13.88
Elijah Coleman,(669) 337-6871,egestas.sed.pharetra@protonmail.edu,465-9438 Mauris Rd.,775439,Azad Kashmir,Turkey,9,"lorem, vehicula et, rutrum eu, ultrices sit amet, risus. Donec",1,$35.14
Simone Lopez,(978) 665-6201,iaculis.odio.nam@aol.net,Ap #435-9754 Blandit Rd.,63471,Leningrad Oblast,Canada,3,enim. Etiam imperdiet dictum magna. Ut tincidunt orci quis lectus.,3,$61.99
Emerson Sweeney,1-633-531-6166,euismod.mauris@outlook.org,1796 Placerat Road,12-049,Viken,Spain,13,"orci lacus vestibulum lorem, sit amet ultricies sem magna nec",5,$39.88
Neve Fuller,1-291-561-1218,ut.tincidunt.orci@outlook.couk,"847-578 Id, Av.",223929,North Region,Singapore,11,"natoque penatibus et magnis dis parturient montes, nascetur ridiculus mus.",2,$85.21
George Macias,(726) 534-6444,nunc@outlook.org,557-729 Ultrices. Ave,14265,Đồng Nai,Belgium,7,ac orci. Ut semper pretium neque. Morbi quis urna. Nunc,6,$64.07
Colt King,1-824-526-7440,vestibulum@aol.edu,167-675 Justo Ave,116682,Konya,Ireland,11,eget ipsum. Suspendisse sagittis. Nullam vitae diam. Proin dolor. Nulla,4,$29.14
Gretchen Perez,(576) 273-2211,aliquam.iaculis@protonmail.edu,6702 Metus Road,P3 9KS,Cao Bằng,Philippines,5,"ullamcorper viverra. Maecenas iaculis aliquet diam. Sed diam lorem, auctor",0,$78.00
Aiko Parrish,1-852-888-5054,dolor.vitae@hotmail.ca,"Ap #573-4688 Consectetuer, Avenue",68351-720,Jigawa,Peru,7,justo eu arcu. Morbi sit amet massa. Quisque porttitor eros,0,$91.52
Melissa Jarvis,1-466-177-2937,lorem.auctor@google.ca,Ap #468-8990 Ornare St.,31829,Sevastopol City,United States,7,"eu, eleifend nec, malesuada ut, sem. Nulla interdum. Curabitur dictum.",1,$17.50
Elliott Monroe,(235) 478-7366,lacus.quisque@google.org,"P.O. Box 838, 3814 Metus Av.",58109,Luik,Russian Federation,11,est. Mauris eu turpis. Nulla aliquet. Proin velit. Sed malesuada,2,$13.12
Erica Gross,1-703-643-8377,magna.malesuada@icloud.net,221-7977 Metus St.,79855,Noord Brabant,Belgium,5,"non, hendrerit id, ante. Nunc mauris sapien, cursus in, hendrerit",0,$21.02
Brenda Rodriguez,1-590-471-2977,volutpat@icloud.org,657-1687 Eu Av.,9583,Tasmania,Costa Rica,17,"sit amet luctus vulputate, nisi sem semper erat, in consectetuer",3,$53.95
Maite Mathews,(555) 388-4038,dictum.sapien.aenean@aol.org,963-9125 Fermentum Rd.,7716,Derbyshire,Sweden,9,erat neque non quam. Pellentesque habitant morbi tristique senectus et,8,$59.43
Cade Raymond,(217) 616-1381,integer@aol.ca,7557 Amet St.,61518,Viken,Brazil,1,ut nisi a odio semper cursus. Integer mollis. Integer tincidunt,4,$76.67
May Barber,1-204-551-1281,est.mauris.rhoncus@google.org,"P.O. Box 951, 503 Ipsum. Av.",58607,Maule,Costa Rica,11,tempor arcu. Vestibulum ut eros non enim commodo hendrerit. Donec,7,$16.70
Beverly Tate,1-815-987-4563,tellus.justo@yahoo.edu,Ap #238-7639 Pellentesque Avenue,5462 DF,Lubelskie,Philippines,7,"dis parturient montes, nascetur ridiculus mus. Aenean eget magna. Suspendisse",4,$53.10
Macon Calderon,(443) 856-6951,dictum.cursus@protonmail.edu,"P.O. Box 205, 1350 Nulla Road",18119-455,Cusco,China,5,aliquet magna a neque. Nullam ut nisi a odio semper,1,$98.18
Miranda Battle,1-912-481-4780,pede.ac.urna@icloud.edu,Ap #761-4520 Sodales St.,2775,Opolskie,Belgium,15,"augue porttitor interdum. Sed auctor odio a purus. Duis elementum,",6,$82.73
Ryder Shannon,1-654-416-3750,facilisis.eget.ipsum@aol.couk,"P.O. Box 563, 5534 Lobortis Ave",86525,Kursk Oblast,United Kingdom,3,habitant morbi tristique senectus et netus et malesuada fames ac,6,$67.61
Tiger Acevedo,1-642-288-1136,pede@protonmail.ca,2828 Leo. Avenue,32523,Poitou-Charentes,Netherlands,7,Ut nec urna et arcu imperdiet ullamcorper. Duis at lacus.,4,$7.07
Arthur Schultz,1-228-264-1972,eu@hotmail.com,Ap #755-8878 Lorem Avenue,6734,Nebraska,Italy,7,Ut sagittis lobortis mauris. Suspendisse aliquet molestie tellus. Aenean egestas,5,$69.77
Rogan Cotton,(585) 385-5635,ut.lacus.nulla@hotmail.com,163-2898 Fusce Avenue,10219,Leinster,Germany,7,"tempor bibendum. Donec felis orci, adipiscing non, luctus sit amet,",3,$70.38
Price Barton,1-245-202-3521,risus.donec@icloud.com,6504 Sit Road,73710,Victoria,New Zealand,19,"lobortis, nisi nibh lacinia orci, consectetuer euismod est arcu ac",3,$55.29
Nero Kelly,1-889-367-0188,aliquet.proin@outlook.couk,"P.O. Box 621, 3684 Ante Road",4824,Antofagasta,Singapore,3,"elit, dictum eu, eleifend nec, malesuada ut, sem. Nulla interdum.",6,$52.84
Shaeleigh Stein,(526) 434-4153,curae@google.edu,759-2981 In Road,42488,Stockholms län,Germany,11,primis in faucibus orci luctus et ultrices posuere cubilia Curae,8,$17.27
Elmo Solomon,(696) 967-3434,amet@hotmail.com,686-4456 Mauris Road,05-619,Brussels Hoofdstedelijk Gewest,Colombia,13,"magna. Ut tincidunt orci quis lectus. Nullam suscipit, est ac",10,$39.70
Brock Harding,1-251-636-1160,interdum.curabitur@hotmail.com,4099 Lacus. Av.,80P 5W3,West Java,Mexico,17,nec urna suscipit nonummy. Fusce fermentum fermentum arcu. Vestibulum ante,1,$27.03
Adena Hanson,(992) 223-3518,curabitur.vel@outlook.com,Ap #277-9744 Mollis Av.,77411,Burgenland,Australia,17,lacus. Cras interdum. Nunc sollicitudin commodo ipsum. Suspendisse non leo.,7,$17.03
Minerva Farley,1-569-462-6731,tempor.diam.dictum@google.org,"P.O. Box 693, 5487 Donec Avenue",09662,East Kalimantan,Philippines,3,"lacinia mattis. Integer eu lacus. Quisque imperdiet, erat nonummy ultricies",8,$99.49
Daquan Franks,(463) 198-8313,nulla.at.sem@hotmail.ca,"P.O. Box 710, 1997 In Av.",41642-87258,Sindh,Brazil,5,blandit congue. In scelerisque scelerisque dui. Suspendisse ac metus vitae,0,$10.96
Shaine Sheppard,(785) 656-2778,tempor.augue@icloud.edu,326-2170 Mollis Ave,23822,Caquetá,Belgium,3,"accumsan convallis, ante lectus convallis est, vitae sodales nisi magna",8,$77.95
Dana Carney,1-170-210-2546,vitae.erat@icloud.couk,666-9797 Duis Road,21014,Auvergne,Pakistan,9,"augue scelerisque mollis. Phasellus libero mauris, aliquam eu, accumsan sed,",5,$21.71
Scott Hickman,(659) 876-1480,sem@google.com,454-7130 Mauris. Street,660458,Gävleborgs län,Mexico,19,"Aliquam tincidunt, nunc ac mattis ornare, lectus ante dictum mi,",1,$10.12
Lucas Ramsey,1-221-509-3653,imperdiet@hotmail.edu,6547 Penatibus Street,723892,Mpumalanga,Canada,7,luctus et ultrices posuere cubilia Curae Donec tincidunt. Donec vitae,7,$83.39
Autumn Hughes,1-446-613-1526,eu.erat@yahoo.couk,"P.O. Box 353, 3777 Ridiculus St.",25521,New South Wales,Belgium,7,vehicula. Pellentesque tincidunt tempus risus. Donec egestas. Duis ac arcu.,2,$16.76
Cairo Ochoa,(851) 337-1684,sem.nulla.interdum@outlook.com,Ap #333-1971 Sociis St.,195486,North West,Brazil,11,"non, dapibus rutrum, justo. Praesent luctus. Curabitur egestas nunc sed",0,$56.18
Melvin Valenzuela,(590) 571-1416,in.faucibus.orci@protonmail.edu,926 Odio. Road,0458,Smolensk Oblast,Mexico,7,"hendrerit a, arcu. Sed et libero. Proin mi. Aliquam gravida",9,$92.37
Caesar Collins,(978) 550-0652,nec.quam@yahoo.org,9591 Imperdiet Avenue,244938,North Island,Germany,19,"enim, condimentum eget, volutpat ornare, facilisis eget, ipsum. Donec sollicitudin",5,$8.05
Kimberley Morin,(273) 424-1548,bibendum.fermentum@yahoo.couk,"Ap #854-3869 Amet, Rd.",292480,KwaZulu-Natal,United Kingdom,15,"eros nec tellus. Nunc lectus pede, ultrices a, auctor non,",10,$63.12
Michael Pollard,1-429-303-6418,magna.phasellus.dolor@icloud.edu,"977-6576 Est, Rd.",50206,Principado de Asturias,Austria,9,"sem elit, pharetra ut, pharetra sed, hendrerit a, arcu. Sed",5,$79.24
Flavia Boyer,(105) 807-1456,tellus.id@google.couk,434-2699 Luctus Street,5836,Istanbul,United Kingdom,7,Quisque fringilla euismod enim. Etiam gravida molestie arcu. Sed eu,4,$80.80
Sebastian Barnett,(481) 948-3592,nibh.phasellus.nulla@icloud.org,623-4581 Facilisis. Road,N69 7SH,Salzburg,Austria,9,"erat, eget tincidunt dui augue eu tellus. Phasellus elit pede,",3,$66.77
Jeanette Sykes,1-122-594-6195,sodales@icloud.net,907-9780 Consectetuer Ave,22996,Ulster,Costa Rica,1,"ultrices. Vivamus rhoncus. Donec est. Nunc ullamcorper, velit in aliquet",5,$95.75
Georgia Maxwell,(603) 495-3684,sit.amet.faucibus@google.com,Ap #716-5023 Faucibus Road,JE5 1DL,Kaduna,Russian Federation,3,lobortis. Class aptent taciti sociosqu ad litora torquent per conubia,8,$51.63
Tashya Wallace,1-304-579-7592,magnis.dis.parturient@icloud.net,205-1773 Iaculis Ave,6102,Huáběi,Germany,3,Maecenas malesuada fringilla est. Mauris eu turpis. Nulla aliquet. Proin,4,$45.30
Grant Mcfadden,(860) 633-1609,mi.ac.mattis@yahoo.com,Ap #761-6610 Nunc Ave,81890-354,Oaxaca,Canada,13,In condimentum. Donec at arcu. Vestibulum ante ipsum primis in,6,$81.44
Steel Ford,1-813-480-6332,arcu@protonmail.couk,423-5199 Phasellus Rd.,73744,Tolima,Costa Rica,17,"nulla vulputate dui, nec tempus mauris erat eget ipsum. Suspendisse",5,$29.52
Keaton Levy,(365) 844-3128,ligula.donec@google.org,Ap #269-226 Odio. Avenue,8625,Ayrshire,Ukraine,3,"pede, ultrices a, auctor non, feugiat nec, diam. Duis mi",4,$53.07
Daria Bailey,(671) 534-0121,amet.lorem@protonmail.edu,645-7231 Dui. St.,6026,Ivanovo Oblast,Peru,1,sagittis lobortis mauris. Suspendisse aliquet molestie tellus. Aenean egestas hendrerit,7,$37.82
Amethyst Hensley,(777) 734-8370,fermentum.arcu.vestibulum@aol.org,"P.O. Box 676, 3614 Cursus Road",33390,Delta,Peru,5,vel arcu. Curabitur ut odio vel est tempor bibendum. Donec,5,$40.60
Latifah Madden,(664) 343-6875,pede@aol.org,Ap #150-7994 Donec Road,53157-147,Alberta,Ireland,1,"dapibus rutrum, justo. Praesent luctus. Curabitur egestas nunc sed libero.",2,$33.67
Colby Kent,(171) 637-2738,nullam.velit.dui@icloud.couk,180-6193 Tempus Rd.,4543,West Region,France,3,non justo. Proin non massa non ante bibendum ullamcorper. Duis,2,$93.29
Penelope Howe,1-368-261-6822,ullamcorper.duis@protonmail.edu,"6694 Sem, Av.",63686,Piura,Norway,19,"lacinia. Sed congue, elit sed consequat auctor, nunc nulla vulputate",8,$92.80
Giselle Ochoa,(431) 457-5930,aliquet.nec@outlook.org,Ap #674-3255 Donec St.,6840,Los Ríos,Austria,7,"ipsum dolor sit amet, consectetuer adipiscing elit. Aliquam auctor, velit",0,$39.30
Camilla Finley,1-771-713-1358,nec.quam@hotmail.org,"P.O. Box 127, 9072 Lectus. St.",85632,Niedersachsen,United States,19,"sit amet diam eu dolor egestas rhoncus. Proin nisl sem,",3,$50.57
Micah Lucas,(767) 789-6612,et@aol.ca,4499 Phasellus Road,300650,Saint Petersburg City,Singapore,15,"at, libero. Morbi accumsan laoreet ipsum. Curabitur consequat, lectus sit",10,$59.17
Reece Tyson,(781) 488-3311,tincidunt.orci@aol.org,216-2201 Pretium Road,64074-12211,National Capital Region,Germany,17,"libero. Morbi accumsan laoreet ipsum. Curabitur consequat, lectus sit amet",7,$63.57
Grady Yang,(487) 238-6219,dolor.sit@google.org,"Ap #518-8628 Purus, Rd.",5447,Tasmania,Russian Federation,1,"nisi nibh lacinia orci, consectetuer euismod est arcu ac orci.",4,$16.85
Audrey Kemp,(986) 938-4767,metus.in@google.ca,Ap #753-8723 In Avenue,4074,Cheshire,France,9,"ultricies ligula. Nullam enim. Sed nulla ante, iaculis nec, eleifend",1,$82.07
Zephr Levy,1-226-747-3875,suspendisse@aol.net,Ap #472-1470 Aliquam Rd.,52718,Antofagasta,Austria,13,"nec, mollis vitae, posuere at, velit. Cras lorem lorem, luctus",6,$53.20
Risa Mckee,1-127-491-2782,sociis.natoque@yahoo.net,314-9080 In St.,7586,Gangwon,India,15,erat neque non quam. Pellentesque habitant morbi tristique senectus et,1,$16.59
Uta Diaz,(576) 532-2523,ipsum@outlook.ca,Ap #283-1498 Enim. Rd.,030216,Limpopo,Peru,17,"nonummy ultricies ornare, elit elit fermentum risus, at fringilla purus",1,$29.32
Linda Lamb,1-717-743-1155,velit.eget.laoreet@protonmail.couk,846-9922 Duis Rd.,44527,Central Region,Ukraine,11,"et, eros. Proin ultrices. Duis volutpat nunc sit amet metus.",7,$61.44
Cole Nielsen,(325) 363-4647,orci@google.edu,617-4682 Sed St.,E2S 7X8,Vienna,Brazil,1,"elit. Aliquam auctor, velit eget laoreet posuere, enim nisl elementum",10,$56.01
Nita Franks,1-268-634-6081,at.auctor.ullamcorper@hotmail.net,760-7128 Donec Rd.,78756,Campania,Ireland,17,"lectus quis massa. Mauris vestibulum, neque sed dictum eleifend, nunc",6,$87.00
Sage Jensen,1-444-314-3898,lacus@outlook.net,"1817 Iaculis, Avenue",83-425,Leinster,Pakistan,9,faucibus orci luctus et ultrices posuere cubilia Curae Donec tincidunt.,8,$61.30
Ishmael Prince,(713) 535-6813,aenean.egestas@icloud.org,"Ap #252-8025 Consequat, St.",645738,Magallanes y Antártica Chilena,Vietnam,5,"eget, dictum placerat, augue. Sed molestie. Sed id risus quis",8,$38.40
Benedict Weaver,1-867-594-1752,laoreet.posuere@yahoo.com,Ap #187-2067 Nullam St.,488164,Huádōng,New Zealand,15,"semper et, lacinia vitae, sodales at, velit. Pellentesque ultricies dignissim",4,$9.84
Cody Powers,1-579-852-2313,cursus.purus@hotmail.edu,266-1505 Vivamus Road,446799,Ilocos Region,Mexico,1,"magna sed dui. Fusce aliquam, enim nec tempus scelerisque, lorem",9,$51.16
Imogene Tate,1-222-726-4198,libero@hotmail.ca,"Ap #528-8050 Et, Avenue",5209-5017,Sicilia,Costa Rica,13,ipsum primis in faucibus orci luctus et ultrices posuere cubilia,2,$54.04
Kareem Roy,1-723-558-4669,aliquam@hotmail.edu,"P.O. Box 374, 8384 Sed Avenue",30131,Ulster,Pakistan,13,"tempus non, lacinia at, iaculis quis, pede. Praesent eu dui.",4,$46.04
Caleb Hester,1-654-182-2655,donec@aol.net,"P.O. Box 127, 9671 Euismod Street",981256,Carinthia,Ireland,15,mauris blandit mattis. Cras eget nisi dictum augue malesuada malesuada.,5,$72.97
Nora Irwin,1-818-420-2554,tincidunt@google.couk,Ap #873-5670 Morbi Ave,F6B 8E8,Mersin,New Zealand,3,gravida. Praesent eu nulla at sem molestie sodales. Mauris blandit,10,$13.73
Uriel Harvey,1-186-311-6726,vulputate.nisi@outlook.edu,Ap #584-3632 Phasellus Av.,85677,Xīběi,United Kingdom,13,"ultrices. Vivamus rhoncus. Donec est. Nunc ullamcorper, velit in aliquet",5,$81.39
Cedric Conley,(842) 587-8647,hendrerit@icloud.com,"P.O. Box 844, 4369 Penatibus Rd.",74761,Zuid Holland,France,17,"lacus. Quisque imperdiet, erat nonummy ultricies ornare, elit elit fermentum",1,$23.64
Beverly Boyer,(146) 872-3275,eu.ultrices@yahoo.org,5147 Ultricies Rd.,36111,Azad Kashmir,United States,17,"dis parturient montes, nascetur ridiculus mus. Proin vel nisl. Quisque",1,$12.26
Jada Valdez,(517) 312-4324,mauris@protonmail.com,"Ap #779-3739 Cursus, Street",53311,Kogi,Canada,19,"dapibus gravida. Aliquam tincidunt, nunc ac mattis ornare, lectus ante",8,$34.84
Oren Garza,1-478-521-6054,elit.fermentum@yahoo.ca,Ap #184-9189 Nibh. St.,75846,Stockholms län,Ireland,11,"eu, accumsan sed, facilisis vitae, orci. Phasellus dapibus quam quis",5,$5.16
Lucian Murray,1-551-504-4769,nunc.mauris@outlook.org,Ap #123-9177 Risus. St.,88236,Northern Cape,Belgium,11,"sit amet, faucibus ut, nulla. Cras eu tellus eu augue",0,$29.14
Matthew Goff,(318) 574-3021,luctus.ut@icloud.ca,521-9878 Nam Avenue,5114 TU,Bedfordshire,Costa Rica,3,condimentum. Donec at arcu. Vestibulum ante ipsum primis in faucibus,2,$23.37
Paki Fuller,1-546-352-6817,sed.neque.sed@icloud.edu,Ap #678-702 Nunc. St.,511666,Tripura,Nigeria,15,"Phasellus at augue id ante dictum cursus. Nunc mauris elit,",5,$60.50
Zenia Strickland,(751) 210-1852,accumsan.convallis.ante@protonmail.couk,849-9592 In Street,1311,Kharkiv oblast,South Africa,7,"nibh. Donec est mauris, rhoncus id, mollis nec, cursus a,",9,$34.08
Emerald Marsh,1-522-378-8401,ultricies.dignissim@hotmail.com,Ap #635-9564 Convallis Avenue,2521,Stockholms län,Netherlands,15,"dolor, nonummy ac, feugiat non, lobortis quis, pede. Suspendisse dui.",8,$10.63
Brent Boyle,(997) 625-3793,sem@aol.org,Ap #799-2271 Ornare Avenue,46565,Cesar,Poland,7,"dictum cursus. Nunc mauris elit, dictum eu, eleifend nec, malesuada",7,$25.83
Larissa Green,(126) 413-5668,maecenas.malesuada@hotmail.couk,190-1678 Felis St.,72273,Cumberland,Italy,17,"dolor sit amet, consectetuer adipiscing elit. Etiam laoreet, libero et",6,$70.67
Tara Roth,1-872-627-5143,metus@icloud.org,811 Vivamus Avenue,675128,Bắc Giang,Vietnam,1,"cursus a, enim. Suspendisse aliquet, sem ut cursus luctus, ipsum",3,$9.70
Geoffrey Hendrix,(931) 884-5797,eu.placerat.eget@hotmail.couk,379-178 Egestas. Rd.,9550,North Island,United Kingdom,5,"condimentum eget, volutpat ornare, facilisis eget, ipsum. Donec sollicitudin adipiscing",7,$9.27
Alden Merrill,(468) 726-8543,nibh.dolor@outlook.edu,Ap #453-8488 Ac Avenue,5942,Vermont,Colombia,15,augue. Sed molestie. Sed id risus quis diam luctus lobortis.,7,$37.06
Melodie Clarke,(108) 421-6814,elit@google.ca,Ap #879-3759 Accumsan St.,572745,South Island,Singapore,9,"ac, fermentum vel, mauris. Integer sem elit, pharetra ut, pharetra",10,$45.56
David Gordon,1-613-251-6872,eu.tellus@google.couk,Ap #625-8081 Phasellus St.,876828,Queensland,Pakistan,17,"dui. Cum sociis natoque penatibus et magnis dis parturient montes,",9,$23.71
Imani Jarvis,1-512-311-6436,turpis.egestas@hotmail.org,"P.O. Box 625, 8061 Mi Avenue",61685,Gorontalo,Brazil,9,"ultrices a, auctor non, feugiat nec, diam. Duis mi enim,",9,$35.81
Debra Savage,(781) 328-7122,curabitur.ut.odio@icloud.net,6964 Volutpat Av.,3624,South Island,Austria,13,magna. Sed eu eros. Nam consequat dolor vitae dolor. Donec,5,$77.16
Shelley Cameron,1-687-527-3744,dui.nec@outlook.ca,Ap #496-2015 Cubilia Street,28413,Araucanía,South Africa,11,consectetuer adipiscing elit. Curabitur sed tortor. Integer aliquam adipiscing lacus.,9,$39.63
Vielka Case,1-706-846-4644,elementum.lorem@protonmail.net,Ap #500-2483 Neque Rd.,38-53,Queensland,Philippines,7,pede. Nunc sed orci lobortis augue scelerisque mollis. Phasellus libero,5,$78.86
Nevada Ayers,1-825-660-5619,id.risus.quis@google.net,Ap #168-9142 Ac Rd.,58374,Upper Austria,Colombia,5,Curae Donec tincidunt. Donec vitae erat vel pede blandit congue.,3,$13.50
Dawn Rocha,(170) 167-8788,porttitor.eros@outlook.net,Ap #455-6605 Lacus Avenue,17-974,Styria,Mexico,9,"conubia nostra, per inceptos hymenaeos. Mauris ut quam vel sapien",5,$66.62
Joelle Garrett,1-523-524-4377,dui.augue@outlook.ca,394-8807 Neque. Road,17-266,Atlántico,Ukraine,11,"adipiscing fringilla, porttitor vulputate, posuere vulputate, lacus. Cras interdum. Nunc",9,$67.24
Samuel Travis,1-336-792-2472,morbi.quis.urna@outlook.com,Ap #844-1193 Donec Avenue,68283,Santander,Peru,13,"sed, sapien. Nunc pulvinar arcu et pede. Nunc sed orci",5,$41.92
Chantale Drake,(816) 415-7864,felis@yahoo.ca,Ap #922-9668 Orci Rd.,55267,Donetsk oblast,Nigeria,17,pellentesque. Sed dictum. Proin eget odio. Aliquam vulputate ullamcorper magna.,7,$96.01
Gisela Summers,1-208-723-7328,nunc.pulvinar@aol.edu,283-7085 Metus. Ave,51618,Chhattisgarh,Indonesia,17,"torquent per conubia nostra, per inceptos hymenaeos. Mauris ut quam",4,$43.70
Herrod Fisher,(635) 638-8726,aliquam@protonmail.org,"P.O. Box 960, 9022 Lobortis St.",37-764,Aquitaine,Philippines,1,Aliquam fringilla cursus purus. Nullam scelerisque neque sed sem egestas,8,$22.38
Hadassah Oneil,1-470-338-8112,at@protonmail.couk,604-7116 Facilisis Rd.,29898,Connacht,United Kingdom,7,Mauris nulla. Integer urna. Vivamus molestie dapibus ligula. Aliquam erat,4,$46.93
Barrett Vaughn,(737) 591-6564,a@aol.org,2128 Donec St.,622497,Flevoland,Indonesia,5,"sit amet luctus vulputate, nisi sem semper erat, in consectetuer",1,$51.73
Kasimir Wyatt,1-541-731-7072,dui@hotmail.edu,5150 Luctus St.,23342,Caraga,Philippines,13,"porttitor tellus non magna. Nam ligula elit, pretium et, rutrum",10,$77.64
Ezekiel Terrell,1-557-628-7675,ornare@icloud.ca,906-9721 Aliquam Rd.,37-238,Andalucía,Austria,1,Fusce mollis. Duis sit amet diam eu dolor egestas rhoncus.,5,$67.80
Owen Yang,(715) 426-6779,posuere.cubilia@icloud.com,653-6570 Facilisis. Avenue,626151,Junín,Turkey,15,Integer mollis. Integer tincidunt aliquam arcu. Aliquam ultrices iaculis odio.,10,$35.91
Adena Nielsen,1-285-836-6836,lectus.convallis.est@icloud.com,Ap #138-1439 Suscipit St.,327583,Long An,Australia,1,"lobortis, nisi nibh lacinia orci, consectetuer euismod est arcu ac",5,$47.68
Ainsley Glass,(265) 318-5824,at.pede.cras@hotmail.com,"P.O. Box 671, 4579 Natoque Avenue",2533,Mpumalanga,India,1,"enim. Suspendisse aliquet, sem ut cursus luctus, ipsum leo elementum",3,$32.59
Abbot Ruiz,1-731-408-5713,nullam.scelerisque@google.com,441-6857 In Street,55464,North Island,Austria,5,"ultrices. Vivamus rhoncus. Donec est. Nunc ullamcorper, velit in aliquet",8,$44.22
Jelani Fernandez,1-533-573-3212,donec.feugiat.metus@hotmail.org,695-7292 Elit. St.,8438-8707,Chocó,Spain,11,"enim nec tempus scelerisque, lorem ipsum sodales purus, in molestie",10,$59.23
Colleen Whitfield,1-497-733-7634,semper.rutrum@hotmail.edu,773-7150 Dolor. Avenue,44736,Kogi,Singapore,5,In nec orci. Donec nibh. Quisque nonummy ipsum non arcu.,5,$18.21
Jamalia Hurley,(368) 632-8619,aliquam@protonmail.org,558-828 Eu Avenue,17638,Niger,Russian Federation,17,"sit amet diam eu dolor egestas rhoncus. Proin nisl sem,",1,$32.91
Lester Browning,1-493-291-7771,tellus@google.couk,Ap #590-4827 Eu Rd.,9280-1673,Lower Austria,Poland,19,"purus. Maecenas libero est, congue a, aliquet vel, vulputate eu,",5,$50.35
Lucas Gill,(248) 525-3527,semper.erat@yahoo.com,"P.O. Box 696, 3874 Cursus Street",78423,Nizhny Novgorod Oblast,United States,15,"risus a ultricies adipiscing, enim mi tempor lorem, eget mollis",1,$5.89
Clare Warner,1-634-212-1444,consequat@icloud.couk,Ap #378-1566 Elementum Rd.,65438-540,Dalarnas län,Peru,7,"Quisque purus sapien, gravida non, sollicitudin a, malesuada id, erat.",9,$64.42
Aristotle Byrd,(715) 255-8783,eleifend@google.net,"P.O. Box 184, 7094 Ornare St.",2348,Victoria,Netherlands,17,"mauris ut mi. Duis risus odio, auctor vitae, aliquet nec,",6,$82.99
Orson Brock,1-463-993-5772,nunc.nulla.vulputate@icloud.couk,1839 Sed Road,3728,Agder,Brazil,3,libero. Proin sed turpis nec mauris blandit mattis. Cras eget,4,$78.93
Odette Carson,1-898-861-6520,senectus.et@icloud.ca,411-725 Magna Rd.,N7E 5N9,Cagayan Valley,Norway,11,"mi fringilla mi lacinia mattis. Integer eu lacus. Quisque imperdiet,",2,$9.56
Hillary Cotton,1-882-416-7508,ut.sem@outlook.couk,513 Conubia St.,817123,Västra Götalands län,India,7,"dui. Fusce diam nunc, ullamcorper eu, euismod ac, fermentum vel,",1,$13.82
Sopoline Roberts,(369) 235-8296,dolor.fusce@outlook.edu,"Ap #622-5676 Nec, Av.",6698,Amur Oblast,India,11,"mollis nec, cursus a, enim. Suspendisse aliquet, sem ut cursus",9,$77.09
Jeanette James,1-765-738-5563,interdum.ligula@hotmail.edu,Ap #181-2720 Imperdiet Rd.,86-67,Moscow City,New Zealand,19,"Suspendisse aliquet, sem ut cursus luctus, ipsum leo elementum sem,",8,$24.72
Judah Roy,1-600-784-2706,lobortis.quam@google.ca,"P.O. Box 865, 3473 Non Street",544534,North Region,India,7,eu nibh vulputate mauris sagittis placerat. Cras dictum ultricies ligula.,0,$85.08
Deborah Green,(816) 746-7908,rutrum.eu@outlook.edu,"5181 Vulputate, Road",842260,Delta,Nigeria,15,"eu, ligula. Aenean euismod mauris eu elit. Nulla facilisi. Sed",9,$19.53
Honorato Griffin,1-827-814-7944,mi.lorem@outlook.org,Ap #682-2286 Tincidunt Ave,335644,FATA,Canada,11,adipiscing lacus. Ut nec urna et arcu imperdiet ullamcorper. Duis,3,$91.11
Nadine Savage,1-893-533-1714,ultrices.sit@protonmail.com,7206 Nibh. St.,413835,Andaman and Nicobar Islands,New Zealand,19,"auctor, nunc nulla vulputate dui, nec tempus mauris erat eget",9,$59.09
Justin Henson,(730) 613-4718,quam.dignissim.pharetra@google.couk,9893 Hendrerit Av.,57555,Leinster,South Africa,13,magna. Sed eu eros. Nam consequat dolor vitae dolor. Donec,4,$54.51
Hamish Jefferson,1-866-485-8733,suspendisse.dui@aol.com,Ap #937-970 Sagittis Ave,46711,North Jeolla,Colombia,1,vehicula risus. Nulla eget metus eu erat semper rutrum. Fusce,4,$33.00
Serina Richards,1-162-261-7344,penatibus.et@hotmail.org,318-1567 Cras Avenue,Y6J 2Y6,Borno,Canada,11,sit amet risus. Donec egestas. Aliquam nec enim. Nunc ut,8,$53.18
Nasim Combs,(360) 750-3688,in.faucibus@outlook.edu,"P.O. Box 116, 1503 Donec Ave",3555,South Island,United Kingdom,9,eget metus. In nec orci. Donec nibh. Quisque nonummy ipsum,10,$26.81
Scott Murray,(980) 527-2708,eget.nisi@protonmail.net,Ap #143-2727 Pellentesque Av.,772521,Tripura,Indonesia,9,"nostra, per inceptos hymenaeos. Mauris ut quam vel sapien imperdiet",5,$87.60
Hakeem Middleton,(518) 267-8731,leo.elementum@protonmail.ca,Ap #139-9674 Tempor Street,78C 5W8,Connacht,Peru,15,"faucibus ut, nulla. Cras eu tellus eu augue porttitor interdum.",1,$73.38
Bree Rice,1-747-357-1246,fringilla.euismod.enim@icloud.com,529-8616 Ullamcorper. Av.,48307,Munster,Turkey,11,turpis vitae purus gravida sagittis. Duis gravida. Praesent eu nulla,9,$70.25
Yardley Vang,(521) 874-0563,ipsum.leo.elementum@aol.com,"P.O. Box 833, 4256 Ipsum Rd.",187119,Arequipa,India,9,"felis ullamcorper viverra. Maecenas iaculis aliquet diam. Sed diam lorem,",10,$25.91
Cody Kline,1-863-636-4274,cubilia.curae@google.net,Ap #245-2218 Pede. Road,8717 IG,Puntarenas,Costa Rica,11,Cras vulputate velit eu sem. Pellentesque ut ipsum ac mi,4,$10.24
Devin Camacho,(136) 922-6516,viverra@outlook.net,Ap #982-1194 Libero Av.,63510,Limburg,South Korea,17,at fringilla purus mauris a nunc. In at pede. Cras,4,$41.31
Burke Whitfield,1-789-790-7771,sem.elit.pharetra@protonmail.net,"P.O. Box 122, 1347 Non, Road",5738-4795,Pomorskie,United Kingdom,19,"semper et, lacinia vitae, sodales at, velit. Pellentesque ultricies dignissim",9,$96.06
Celeste Boyd,1-321-377-6556,ante.nunc@google.ca,207-834 Aliquet St.,M5X 8H8,Cajamarca,New Zealand,5,"Lorem ipsum dolor sit amet, consectetuer adipiscing elit. Aliquam auctor,",1,$80.79
Kadeem Leonard,1-265-461-8626,convallis@hotmail.couk,Ap #757-9609 Cursus St.,5635,Saint Petersburg City,Canada,5,"ligula elit, pretium et, rutrum non, hendrerit id, ante. Nunc",2,$31.32
Clare Wolf,1-171-974-6724,purus.ac.tellus@aol.net,251-5962 Natoque Rd.,4290,Karnataka,Nigeria,15,senectus et netus et malesuada fames ac turpis egestas. Fusce,7,$50.78
Cooper Ellison,(795) 706-7142,cum@protonmail.edu,"Ap #450-423 Nec, St.",40402,Nordland,Costa Rica,13,interdum enim non nisi. Aenean eget metus. In nec orci.,8,$58.15
Whoopi Campos,1-266-178-5977,in.felis.nulla@outlook.com,523-4324 Laoreet Avenue,418571,Vestland,France,7,lorem vitae odio sagittis semper. Nam tempor diam dictum sapien.,7,$71.71
Vernon Haley,(162) 463-7870,vulputate@icloud.edu,7281 Venenatis Av.,DI4G 8XQ,Michoacán,Vietnam,3,"Suspendisse dui. Fusce diam nunc, ullamcorper eu, euismod ac, fermentum",7,$50.13
Maxine Aguirre,1-826-572-4012,eu@protonmail.ca,Ap #146-7339 Libero Rd.,20716,Quảng Ngãi,Ukraine,19,quam. Pellentesque habitant morbi tristique senectus et netus et malesuada,6,$88.95
Guinevere Mcconnell,1-813-495-7463,mauris.sapien@google.edu,5861 Eget St.,42337,Papua,Costa Rica,17,"felis. Donec tempor, est ac mattis semper, dui lectus rutrum",5,$4.23
Alea Hancock,1-922-723-1415,iaculis.enim@icloud.net,Ap #753-7182 Libero St.,53390,South Island,Norway,7,Aliquam erat volutpat. Nulla dignissim. Maecenas ornare egestas ligula. Nullam,7,$71.70
Amelia Christian,(274) 823-0274,at@hotmail.org,604-5456 Ac St.,1475,Akwa Ibom,Pakistan,5,"consequat auctor, nunc nulla vulputate dui, nec tempus mauris erat",8,$87.95
Jocelyn Gallagher,(512) 353-4346,augue.ac@icloud.edu,2338 Taciti Rd.,54146,Borno,Brazil,13,vulputate velit eu sem. Pellentesque ut ipsum ac mi eleifend,5,$88.13
Patrick Bolton,1-669-136-5153,mattis.ornare@yahoo.org,"P.O. Box 569, 8445 Auctor Avenue",00188,Goiás,United States,7,risus. Nulla eget metus eu erat semper rutrum. Fusce dolor,2,$30.50
George Head,1-513-789-0689,justo.faucibus@protonmail.ca,893-6181 Tristique Rd.,815656,Trentino-Alto Adige,United States,1,"erat semper rutrum. Fusce dolor quam, elementum at, egestas a,",9,$36.98
Jameson Perez,(874) 883-2964,sagittis.semper@aol.ca,"P.O. Box 988, 9806 Integer Rd.",166506,Loreto,Spain,9,"vestibulum, neque sed dictum eleifend, nunc risus varius orci, in",2,$12.59
Sybil Beasley,(807) 433-1882,aliquam.vulputate@outlook.ca,"Ap #283-1744 Non, Ave",3441,Mykolaiv oblast,Austria,13,"Maecenas iaculis aliquet diam. Sed diam lorem, auctor quis, tristique",6,$97.28
